Plate,Well,Name,RC of Illumina 3' Adapter,Golay Barcode,,Reverse Primer Linker,ITS2 Reverse Primer,Primer For PCR
3,A1,kabir_ITS2rcbc192,CAAGCAGAAGACGGCATACGAGAT,GTCGAATTTGCG,,CG,GCTGCGTTCTTCATCGATGC,CAAGCAGAAGACGGCATACGAGATGTCGAATTTGCGCGGCTGCGTTCTTCATCGATGC
3,A2,kabir_ITS2rcbc193,CAAGCAGAAGACGGCATACGAGAT,GCATCAGAGTTA,,CG,GCTGCGTTCTTCATCGATGC,CAAGCAGAAGACGGCATACGAGATGCATCAGAGTTACGGCTGCGTTCTTCATCGATGC
3,A3,kabir_ITS2rcbc194,CAAGCAGAAGACGGCATACGAGAT,GTGGTCATCGTA,,CG,GCTGCGTTCTTCATCGATGC,CAAGCAGAAGACGGCATACGAGATGTGGTCATCGTACGGCTGCGTTCTTCATCGATGC
3,A4,kabir_ITS2rcbc195,CAAGCAGAAGACGGCATACGAGAT,CTGAAGGGCGAA,,CG,GCTGCGTTCTTCATCGATGC,CAAGCAGAAGACGGCATACGAGATCTGAAGGGCGAACGGCTGCGTTCTTCATCGATGC
3,A5,kabir_ITS2rcbc196,CAAGCAGAAGACGGCATACGAGAT,CGCTCACAGAAT,,CG,GCTGCGTTCTTCATCGATGC,CAAGCAGAAGACGGCATACGAGATCGCTCACAGAATCGGCTGCGTTCTTCATCGATGC
3,A6,kabir_ITS2rcbc197,CAAGCAGAAGACGGCATACGAGAT,ATTCGGTAGTGC,,CG,GCTGCGTTCTTCATCGATGC,CAAGCAGAAGACGGCATACGAGATATTCGGTAGTGCCGGCTGCGTTCTTCATCGATGC
3,A7,kabir_ITS2rcbc198,CAAGCAGAAGACGGCATACGAGAT,CGAGCTGTTACC,,CG,GCTGCGTTCTTCATCGATGC,CAAGCAGAAGACGGCATACGAGATCGAGCTGTTACCCGGCTGCGTTCTTCATCGATGC
3,A8,kabir_ITS2rcbc199,CAAGCAGAAGACGGCATACGAGAT,CAACACATGCTG,,CG,GCTGCGTTCTTCATCGATGC,CAAGCAGAAGACGGCATACGAGATCAACACATGCTGCGGCTGCGTTCTTCATCGATGC
3,A9,kabir_ITS2rcbc200,CAAGCAGAAGACGGCATACGAGAT,ATTCTCTCACGT,,CG,GCTGCGTTCTTCATCGATGC,CAAGCAGAAGACGGCATACGAGATATTCTCTCACGTCGGCTGCGTTCTTCATCGATGC
3,A10,kabir_ITS2rcbc201,CAAGCAGAAGACGGCATACGAGAT,CGACTCTAAACG,,CG,GCTGCGTTCTTCATCGATGC,CAAGCAGAAGACGGCATACGAGATCGACTCTAAACGCGGCTGCGTTCTTCATCGATGC
3,A11,kabir_ITS2rcbc202,CAAGCAGAAGACGGCATACGAGAT,GTCTTCAGCAAG,,CG,GCTGCGTTCTTCATCGATGC,CAAGCAGAAGACGGCATACGAGATGTCTTCAGCAAGCGGCTGCGTTCTTCATCGATGC
3,A12,kabir_ITS2rcbc203,CAAGCAGAAGACGGCATACGAGAT,CGGATAACCTCC,,CG,GCTGCGTTCTTCATCGATGC,CAAGCAGAAGACGGCATACGAGATCGGATAACCTCCCGGCTGCGTTCTTCATCGATGC
3,B1,kabir_ITS2rcbc204,CAAGCAGAAGACGGCATACGAGAT,AGGGTGACTTTA,,CG,GCTGCGTTCTTCATCGATGC,CAAGCAGAAGACGGCATACGAGATAGGGTGACTTTACGGCTGCGTTCTTCATCGATGC
3,B2,kabir_ITS2rcbc205,CAAGCAGAAGACGGCATACGAGAT,GACTTCATGCGA,,CG,GCTGCGTTCTTCATCGATGC,CAAGCAGAAGACGGCATACGAGATGACTTCATGCGACGGCTGCGTTCTTCATCGATGC
3,B3,kabir_ITS2rcbc206,CAAGCAGAAGACGGCATACGAGAT,GCCTGTCTGCAA,,CG,GCTGCGTTCTTCATCGATGC,CAAGCAGAAGACGGCATACGAGATGCCTGTCTGCAACGGCTGCGTTCTTCATCGATGC
3,B4,kabir_ITS2rcbc207,CAAGCAGAAGACGGCATACGAGAT,ACTGATGGCCTC,,CG,GCTGCGTTCTTCATCGATGC,CAAGCAGAAGACGGCATACGAGATACTGATGGCCTCCGGCTGCGTTCTTCATCGATGC
3,B5,kabir_ITS2rcbc208,CAAGCAGAAGACGGCATACGAGAT,TTCGATGCCGCA,,CG,GCTGCGTTCTTCATCGATGC,CAAGCAGAAGACGGCATACGAGATTTCGATGCCGCACGGCTGCGTTCTTCATCGATGC
3,B6,kabir_ITS2rcbc209,CAAGCAGAAGACGGCATACGAGAT,TGTGGCTCGTGT,,CG,GCTGCGTTCTTCATCGATGC,CAAGCAGAAGACGGCATACGAGATTGTGGCTCGTGTCGGCTGCGTTCTTCATCGATGC
3,B7,kabir_ITS2rcbc210,CAAGCAGAAGACGGCATACGAGAT,AACTTTCAGGAG,,CG,GCTGCGTTCTTCATCGATGC,CAAGCAGAAGACGGCATACGAGATAACTTTCAGGAGCGGCTGCGTTCTTCATCGATGC
3,B8,kabir_ITS2rcbc211,CAAGCAGAAGACGGCATACGAGAT,TGCACGTGATAA,,CG,GCTGCGTTCTTCATCGATGC,CAAGCAGAAGACGGCATACGAGATTGCACGTGATAACGGCTGCGTTCTTCATCGATGC
3,B9,kabir_ITS2rcbc212,CAAGCAGAAGACGGCATACGAGAT,GTTCGGTGTCCA,,CG,GCTGCGTTCTTCATCGATGC,CAAGCAGAAGACGGCATACGAGATGTTCGGTGTCCACGGCTGCGTTCTTCATCGATGC
3,B10,kabir_ITS2rcbc213,CAAGCAGAAGACGGCATACGAGAT,AAGACAGCTATC,,CG,GCTGCGTTCTTCATCGATGC,CAAGCAGAAGACGGCATACGAGATAAGACAGCTATCCGGCTGCGTTCTTCATCGATGC
3,B11,kabir_ITS2rcbc214,CAAGCAGAAGACGGCATACGAGAT,ATTGACCGGTCA,,CG,GCTGCGTTCTTCATCGATGC,CAAGCAGAAGACGGCATACGAGATATTGACCGGTCACGGCTGCGTTCTTCATCGATGC
3,B12,kabir_ITS2rcbc215,CAAGCAGAAGACGGCATACGAGAT,TTCTCCATCACA,,CG,GCTGCGTTCTTCATCGATGC,CAAGCAGAAGACGGCATACGAGATTTCTCCATCACACGGCTGCGTTCTTCATCGATGC
3,C1,kabir_ITS2rcbc216,CAAGCAGAAGACGGCATACGAGAT,CGTAGGTAGAGG,,CG,GCTGCGTTCTTCATCGATGC,CAAGCAGAAGACGGCATACGAGATCGTAGGTAGAGGCGGCTGCGTTCTTCATCGATGC
3,C2,kabir_ITS2rcbc217,CAAGCAGAAGACGGCATACGAGAT,ATTTAGGACGAC,,CG,GCTGCGTTCTTCATCGATGC,CAAGCAGAAGACGGCATACGAGATATTTAGGACGACCGGCTGCGTTCTTCATCGATGC
3,C3,kabir_ITS2rcbc218,CAAGCAGAAGACGGCATACGAGAT,GGATAGCCAAGG,,CG,GCTGCGTTCTTCATCGATGC,CAAGCAGAAGACGGCATACGAGATGGATAGCCAAGGCGGCTGCGTTCTTCATCGATGC
3,C4,kabir_ITS2rcbc219,CAAGCAGAAGACGGCATACGAGAT,TGGTTGGTTACG,,CG,GCTGCGTTCTTCATCGATGC,CAAGCAGAAGACGGCATACGAGATTGGTTGGTTACGCGGCTGCGTTCTTCATCGATGC
3,C5,kabir_ITS2rcbc220,CAAGCAGAAGACGGCATACGAGAT,GTCGTCCAAATG,,CG,GCTGCGTTCTTCATCGATGC,CAAGCAGAAGACGGCATACGAGATGTCGTCCAAATGCGGCTGCGTTCTTCATCGATGC
3,C6,kabir_ITS2rcbc221,CAAGCAGAAGACGGCATACGAGAT,CAACGTGCTCCA,,CG,GCTGCGTTCTTCATCGATGC,CAAGCAGAAGACGGCATACGAGATCAACGTGCTCCACGGCTGCGTTCTTCATCGATGC
3,C7,kabir_ITS2rcbc222,CAAGCAGAAGACGGCATACGAGAT,TACACAAGTCGC,,CG,GCTGCGTTCTTCATCGATGC,CAAGCAGAAGACGGCATACGAGATTACACAAGTCGCCGGCTGCGTTCTTCATCGATGC
3,C8,kabir_ITS2rcbc223,CAAGCAGAAGACGGCATACGAGAT,GCGTCCATGAAT,,CG,GCTGCGTTCTTCATCGATGC,CAAGCAGAAGACGGCATACGAGATGCGTCCATGAATCGGCTGCGTTCTTCATCGATGC
3,C9,kabir_ITS2rcbc224,CAAGCAGAAGACGGCATACGAGAT,GTAATGCGTAAC,,CG,GCTGCGTTCTTCATCGATGC,CAAGCAGAAGACGGCATACGAGATGTAATGCGTAACCGGCTGCGTTCTTCATCGATGC
3,C10,kabir_ITS2rcbc225,CAAGCAGAAGACGGCATACGAGAT,GTCGCCGTACAT,,CG,GCTGCGTTCTTCATCGATGC,CAAGCAGAAGACGGCATACGAGATGTCGCCGTACATCGGCTGCGTTCTTCATCGATGC
3,C11,kabir_ITS2rcbc226,CAAGCAGAAGACGGCATACGAGAT,GGAATCCGATTA,,CG,GCTGCGTTCTTCATCGATGC,CAAGCAGAAGACGGCATACGAGATGGAATCCGATTACGGCTGCGTTCTTCATCGATGC
3,C12,kabir_ITS2rcbc227,CAAGCAGAAGACGGCATACGAGAT,CACCCGATGGTT,,CG,GCTGCGTTCTTCATCGATGC,CAAGCAGAAGACGGCATACGAGATCACCCGATGGTTCGGCTGCGTTCTTCATCGATGC
3,D1,kabir_ITS2rcbc228,CAAGCAGAAGACGGCATACGAGAT,TTCTGAGAGGTA,,CG,GCTGCGTTCTTCATCGATGC,CAAGCAGAAGACGGCATACGAGATTTCTGAGAGGTACGGCTGCGTTCTTCATCGATGC
3,D2,kabir_ITS2rcbc229,CAAGCAGAAGACGGCATACGAGAT,ATCCCTACGGAA,,CG,GCTGCGTTCTTCATCGATGC,CAAGCAGAAGACGGCATACGAGATATCCCTACGGAACGGCTGCGTTCTTCATCGATGC
3,D3,kabir_ITS2rcbc230,CAAGCAGAAGACGGCATACGAGAT,GGTTCCATTAGG,,CG,GCTGCGTTCTTCATCGATGC,CAAGCAGAAGACGGCATACGAGATGGTTCCATTAGGCGGCTGCGTTCTTCATCGATGC
3,D4,kabir_ITS2rcbc231,CAAGCAGAAGACGGCATACGAGAT,GTGTTCCCAGAA,,CG,GCTGCGTTCTTCATCGATGC,CAAGCAGAAGACGGCATACGAGATGTGTTCCCAGAACGGCTGCGTTCTTCATCGATGC
3,D5,kabir_ITS2rcbc232,CAAGCAGAAGACGGCATACGAGAT,CCGAGGTATAAT,,CG,GCTGCGTTCTTCATCGATGC,CAAGCAGAAGACGGCATACGAGATCCGAGGTATAATCGGCTGCGTTCTTCATCGATGC
3,D6,kabir_ITS2rcbc233,CAAGCAGAAGACGGCATACGAGAT,AGCGTAATTAGC,,CG,GCTGCGTTCTTCATCGATGC,CAAGCAGAAGACGGCATACGAGATAGCGTAATTAGCCGGCTGCGTTCTTCATCGATGC
3,D7,kabir_ITS2rcbc234,CAAGCAGAAGACGGCATACGAGAT,CTCGTGAATGAC,,CG,GCTGCGTTCTTCATCGATGC,CAAGCAGAAGACGGCATACGAGATCTCGTGAATGACCGGCTGCGTTCTTCATCGATGC
3,D8,kabir_ITS2rcbc235,CAAGCAGAAGACGGCATACGAGAT,AGGTGAGTTCTA,,CG,GCTGCGTTCTTCATCGATGC,CAAGCAGAAGACGGCATACGAGATAGGTGAGTTCTACGGCTGCGTTCTTCATCGATGC
3,D9,kabir_ITS2rcbc236,CAAGCAGAAGACGGCATACGAGAT,CCTGTCCTATCT,,CG,GCTGCGTTCTTCATCGATGC,CAAGCAGAAGACGGCATACGAGATCCTGTCCTATCTCGGCTGCGTTCTTCATCGATGC
3,D10,kabir_ITS2rcbc237,CAAGCAGAAGACGGCATACGAGAT,GGTTTAACACGC,,CG,GCTGCGTTCTTCATCGATGC,CAAGCAGAAGACGGCATACGAGATGGTTTAACACGCCGGCTGCGTTCTTCATCGATGC
3,D11,kabir_ITS2rcbc238,CAAGCAGAAGACGGCATACGAGAT,AGACAGTAGGAG,,CG,GCTGCGTTCTTCATCGATGC,CAAGCAGAAGACGGCATACGAGATAGACAGTAGGAGCGGCTGCGTTCTTCATCGATGC
3,D12,kabir_ITS2rcbc239,CAAGCAGAAGACGGCATACGAGAT,GCCACGACTTAC,,CG,GCTGCGTTCTTCATCGATGC,CAAGCAGAAGACGGCATACGAGATGCCACGACTTACCGGCTGCGTTCTTCATCGATGC
3,E1,kabir_ITS2rcbc240,CAAGCAGAAGACGGCATACGAGAT,ATTGTTCCTACC,,CG,GCTGCGTTCTTCATCGATGC,CAAGCAGAAGACGGCATACGAGATATTGTTCCTACCCGGCTGCGTTCTTCATCGATGC
3,E2,kabir_ITS2rcbc241,CAAGCAGAAGACGGCATACGAGAT,GCCGTAAACTTG,,CG,GCTGCGTTCTTCATCGATGC,CAAGCAGAAGACGGCATACGAGATGCCGTAAACTTGCGGCTGCGTTCTTCATCGATGC
3,E3,kabir_ITS2rcbc242,CAAGCAGAAGACGGCATACGAGAT,GCAGATTTCCAG,,CG,GCTGCGTTCTTCATCGATGC,CAAGCAGAAGACGGCATACGAGATGCAGATTTCCAGCGGCTGCGTTCTTCATCGATGC
3,E4,kabir_ITS2rcbc243,CAAGCAGAAGACGGCATACGAGAT,AGATGATCAGTC,,CG,GCTGCGTTCTTCATCGATGC,CAAGCAGAAGACGGCATACGAGATAGATGATCAGTCCGGCTGCGTTCTTCATCGATGC
3,E5,kabir_ITS2rcbc244,CAAGCAGAAGACGGCATACGAGAT,GAGACGTGTTCT,,CG,GCTGCGTTCTTCATCGATGC,CAAGCAGAAGACGGCATACGAGATGAGACGTGTTCTCGGCTGCGTTCTTCATCGATGC
3,E6,kabir_ITS2rcbc245,CAAGCAGAAGACGGCATACGAGAT,TATCACCGGCAC,,CG,GCTGCGTTCTTCATCGATGC,CAAGCAGAAGACGGCATACGAGATTATCACCGGCACCGGCTGCGTTCTTCATCGATGC
3,E7,kabir_ITS2rcbc246,CAAGCAGAAGACGGCATACGAGAT,TATGCCAGAGAT,,CG,GCTGCGTTCTTCATCGATGC,CAAGCAGAAGACGGCATACGAGATTATGCCAGAGATCGGCTGCGTTCTTCATCGATGC
3,E8,kabir_ITS2rcbc247,CAAGCAGAAGACGGCATACGAGAT,AGGTCCAAATCA,,CG,GCTGCGTTCTTCATCGATGC,CAAGCAGAAGACGGCATACGAGATAGGTCCAAATCACGGCTGCGTTCTTCATCGATGC
3,E9,kabir_ITS2rcbc248,CAAGCAGAAGACGGCATACGAGAT,ACCGTGCTCACA,,CG,GCTGCGTTCTTCATCGATGC,CAAGCAGAAGACGGCATACGAGATACCGTGCTCACACGGCTGCGTTCTTCATCGATGC
3,E10,kabir_ITS2rcbc249,CAAGCAGAAGACGGCATACGAGAT,CTCCCTTTGTGT,,CG,GCTGCGTTCTTCATCGATGC,CAAGCAGAAGACGGCATACGAGATCTCCCTTTGTGTCGGCTGCGTTCTTCATCGATGC
3,E11,kabir_ITS2rcbc250,CAAGCAGAAGACGGCATACGAGAT,AGCTGCACCTAA,,CG,GCTGCGTTCTTCATCGATGC,CAAGCAGAAGACGGCATACGAGATAGCTGCACCTAACGGCTGCGTTCTTCATCGATGC
3,E12,kabir_ITS2rcbc251,CAAGCAGAAGACGGCATACGAGAT,CCTTGACCGATG,,CG,GCTGCGTTCTTCATCGATGC,CAAGCAGAAGACGGCATACGAGATCCTTGACCGATGCGGCTGCGTTCTTCATCGATGC
3,F1,kabir_ITS2rcbc252,CAAGCAGAAGACGGCATACGAGAT,CTATCATCCTCA,,CG,GCTGCGTTCTTCATCGATGC,CAAGCAGAAGACGGCATACGAGATCTATCATCCTCACGGCTGCGTTCTTCATCGATGC
3,F2,kabir_ITS2rcbc253,CAAGCAGAAGACGGCATACGAGAT,ACTCTAGCCGGT,,CG,GCTGCGTTCTTCATCGATGC,CAAGCAGAAGACGGCATACGAGATACTCTAGCCGGTCGGCTGCGTTCTTCATCGATGC
3,F3,kabir_ITS2rcbc254,CAAGCAGAAGACGGCATACGAGAT,CGATAGGCCTTA,,CG,GCTGCGTTCTTCATCGATGC,CAAGCAGAAGACGGCATACGAGATCGATAGGCCTTACGGCTGCGTTCTTCATCGATGC
3,F4,kabir_ITS2rcbc255,CAAGCAGAAGACGGCATACGAGAT,AATGACCTCGTG,,CG,GCTGCGTTCTTCATCGATGC,CAAGCAGAAGACGGCATACGAGATAATGACCTCGTGCGGCTGCGTTCTTCATCGATGC
3,F5,kabir_ITS2rcbc256,CAAGCAGAAGACGGCATACGAGAT,CTTAGGCATGTG,,CG,GCTGCGTTCTTCATCGATGC,CAAGCAGAAGACGGCATACGAGATCTTAGGCATGTGCGGCTGCGTTCTTCATCGATGC
3,F6,kabir_ITS2rcbc257,CAAGCAGAAGACGGCATACGAGAT,CCAGATATAGCA,,CG,GCTGCGTTCTTCATCGATGC,CAAGCAGAAGACGGCATACGAGATCCAGATATAGCACGGCTGCGTTCTTCATCGATGC
3,F7,kabir_ITS2rcbc258,CAAGCAGAAGACGGCATACGAGAT,GAGAGTCCACTT,,CG,GCTGCGTTCTTCATCGATGC,CAAGCAGAAGACGGCATACGAGATGAGAGTCCACTTCGGCTGCGTTCTTCATCGATGC
3,F8,kabir_ITS2rcbc259,CAAGCAGAAGACGGCATACGAGAT,GAACGGGACGTA,,CG,GCTGCGTTCTTCATCGATGC,CAAGCAGAAGACGGCATACGAGATGAACGGGACGTACGGCTGCGTTCTTCATCGATGC
3,F9,kabir_ITS2rcbc260,CAAGCAGAAGACGGCATACGAGAT,ACGTGTAGGCTT,,CG,GCTGCGTTCTTCATCGATGC,CAAGCAGAAGACGGCATACGAGATACGTGTAGGCTTCGGCTGCGTTCTTCATCGATGC
3,F10,kabir_ITS2rcbc261,CAAGCAGAAGACGGCATACGAGAT,GGTCTCCTACAG,,CG,GCTGCGTTCTTCATCGATGC,CAAGCAGAAGACGGCATACGAGATGGTCTCCTACAGCGGCTGCGTTCTTCATCGATGC
3,F11,kabir_ITS2rcbc262,CAAGCAGAAGACGGCATACGAGAT,ACTGACTTAAGG,,CG,GCTGCGTTCTTCATCGATGC,CAAGCAGAAGACGGCATACGAGATACTGACTTAAGGCGGCTGCGTTCTTCATCGATGC
3,F12,kabir_ITS2rcbc263,CAAGCAGAAGACGGCATACGAGAT,GATGCTGCCGTT,,CG,GCTGCGTTCTTCATCGATGC,CAAGCAGAAGACGGCATACGAGATGATGCTGCCGTTCGGCTGCGTTCTTCATCGATGC
3,G1,kabir_ITS2rcbc264,CAAGCAGAAGACGGCATACGAGAT,TTCCTAGGCCAG,,CG,GCTGCGTTCTTCATCGATGC,CAAGCAGAAGACGGCATACGAGATTTCCTAGGCCAGCGGCTGCGTTCTTCATCGATGC
3,G2,kabir_ITS2rcbc265,CAAGCAGAAGACGGCATACGAGAT,ATTAAGCCTGGA,,CG,GCTGCGTTCTTCATCGATGC,CAAGCAGAAGACGGCATACGAGATATTAAGCCTGGACGGCTGCGTTCTTCATCGATGC
3,G3,kabir_ITS2rcbc266,CAAGCAGAAGACGGCATACGAGAT,TGGCTTTCTATC,,CG,GCTGCGTTCTTCATCGATGC,CAAGCAGAAGACGGCATACGAGATTGGCTTTCTATCCGGCTGCGTTCTTCATCGATGC
3,G4,kabir_ITS2rcbc267,CAAGCAGAAGACGGCATACGAGAT,ACAGCTCAAACA,,CG,GCTGCGTTCTTCATCGATGC,CAAGCAGAAGACGGCATACGAGATACAGCTCAAACACGGCTGCGTTCTTCATCGATGC
3,G5,kabir_ITS2rcbc268,CAAGCAGAAGACGGCATACGAGAT,GAGCGTATCCAT,,CG,GCTGCGTTCTTCATCGATGC,CAAGCAGAAGACGGCATACGAGATGAGCGTATCCATCGGCTGCGTTCTTCATCGATGC
3,G6,kabir_ITS2rcbc269,CAAGCAGAAGACGGCATACGAGAT,ATGGGCGAATGG,,CG,GCTGCGTTCTTCATCGATGC,CAAGCAGAAGACGGCATACGAGATATGGGCGAATGGCGGCTGCGTTCTTCATCGATGC
3,G7,kabir_ITS2rcbc270,CAAGCAGAAGACGGCATACGAGAT,GATCTCTGGGTA,,CG,GCTGCGTTCTTCATCGATGC,CAAGCAGAAGACGGCATACGAGATGATCTCTGGGTACGGCTGCGTTCTTCATCGATGC
3,G8,kabir_ITS2rcbc271,CAAGCAGAAGACGGCATACGAGAT,CATCATACGGGT,,CG,GCTGCGTTCTTCATCGATGC,CAAGCAGAAGACGGCATACGAGATCATCATACGGGTCGGCTGCGTTCTTCATCGATGC
3,G9,kabir_ITS2rcbc272,CAAGCAGAAGACGGCATACGAGAT,TACGGATTATGG,,CG,GCTGCGTTCTTCATCGATGC,CAAGCAGAAGACGGCATACGAGATTACGGATTATGGCGGCTGCGTTCTTCATCGATGC
3,G10,kabir_ITS2rcbc273,CAAGCAGAAGACGGCATACGAGAT,ATAGCGAACTCA,,CG,GCTGCGTTCTTCATCGATGC,CAAGCAGAAGACGGCATACGAGATATAGCGAACTCACGGCTGCGTTCTTCATCGATGC
3,G11,kabir_ITS2rcbc274,CAAGCAGAAGACGGCATACGAGAT,TAACGCTGTGTG,,CG,GCTGCGTTCTTCATCGATGC,CAAGCAGAAGACGGCATACGAGATTAACGCTGTGTGCGGCTGCGTTCTTCATCGATGC
3,G12,kabir_ITS2rcbc275,CAAGCAGAAGACGGCATACGAGAT,AACCAAACTCGA,,CG,GCTGCGTTCTTCATCGATGC,CAAGCAGAAGACGGCATACGAGATAACCAAACTCGACGGCTGCGTTCTTCATCGATGC
3,H1,kabir_ITS2rcbc276,CAAGCAGAAGACGGCATACGAGAT,GCCGTCTCGTAA,,CG,GCTGCGTTCTTCATCGATGC,CAAGCAGAAGACGGCATACGAGATGCCGTCTCGTAACGGCTGCGTTCTTCATCGATGC
3,H2,kabir_ITS2rcbc277,CAAGCAGAAGACGGCATACGAGAT,CTGGGTATCTCG,,CG,GCTGCGTTCTTCATCGATGC,CAAGCAGAAGACGGCATACGAGATCTGGGTATCTCGCGGCTGCGTTCTTCATCGATGC
3,H3,kabir_ITS2rcbc278,CAAGCAGAAGACGGCATACGAGAT,GACTACCCGTTG,,CG,GCTGCGTTCTTCATCGATGC,CAAGCAGAAGACGGCATACGAGATGACTACCCGTTGCGGCTGCGTTCTTCATCGATGC
3,H4,kabir_ITS2rcbc279,CAAGCAGAAGACGGCATACGAGAT,GCGTTGCAAACT,,CG,GCTGCGTTCTTCATCGATGC,CAAGCAGAAGACGGCATACGAGATGCGTTGCAAACTCGGCTGCGTTCTTCATCGATGC
3,H5,kabir_ITS2rcbc280,CAAGCAGAAGACGGCATACGAGAT,AACCGCATAAGT,,CG,GCTGCGTTCTTCATCGATGC,CAAGCAGAAGACGGCATACGAGATAACCGCATAAGTCGGCTGCGTTCTTCATCGATGC
3,H6,kabir_ITS2rcbc281,CAAGCAGAAGACGGCATACGAGAT,ACCTTACACCTT,,CG,GCTGCGTTCTTCATCGATGC,CAAGCAGAAGACGGCATACGAGATACCTTACACCTTCGGCTGCGTTCTTCATCGATGC
3,H7,kabir_ITS2rcbc282,CAAGCAGAAGACGGCATACGAGAT,GTAGGTGCTTAC,,CG,GCTGCGTTCTTCATCGATGC,CAAGCAGAAGACGGCATACGAGATGTAGGTGCTTACCGGCTGCGTTCTTCATCGATGC
3,H8,kabir_ITS2rcbc283,CAAGCAGAAGACGGCATACGAGAT,CGCATTTGGATG,,CG,GCTGCGTTCTTCATCGATGC,CAAGCAGAAGACGGCATACGAGATCGCATTTGGATGCGGCTGCGTTCTTCATCGATGC
3,H9,kabir_ITS2rcbc284,CAAGCAGAAGACGGCATACGAGAT,ATAACATGTGCG,,CG,GCTGCGTTCTTCATCGATGC,CAAGCAGAAGACGGCATACGAGATATAACATGTGCGCGGCTGCGTTCTTCATCGATGC
3,H10,kabir_ITS2rcbc285,CAAGCAGAAGACGGCATACGAGAT,CTTGAGAAATCG,,CG,GCTGCGTTCTTCATCGATGC,CAAGCAGAAGACGGCATACGAGATCTTGAGAAATCGCGGCTGCGTTCTTCATCGATGC
3,H11,kabir_ITS2rcbc286,CAAGCAGAAGACGGCATACGAGAT,CTACACAGCACA,,CG,GCTGCGTTCTTCATCGATGC,CAAGCAGAAGACGGCATACGAGATCTACACAGCACACGGCTGCGTTCTTCATCGATGC
3,H12,kabir_ITS2rcbc287,CAAGCAGAAGACGGCATACGAGAT,GAAATGCTACGT,,CG,GCTGCGTTCTTCATCGATGC,CAAGCAGAAGACGGCATACGAGATGAAATGCTACGTCGGCTGCGTTCTTCATCGATGC
,,,,,,,,
8,A1,kabir_ITS2rcbc672,CAAGCAGAAGACGGCATACGAGAT,CTACCGATTGCG,,CG,GCTGCGTTCTTCATCGATGC,CAAGCAGAAGACGGCATACGAGATCTACCGATTGCGCGGCTGCGTTCTTCATCGATGC
8,A2,kabir_ITS2rcbc673,CAAGCAGAAGACGGCATACGAGAT,TCACCCAAGGTA,,CG,GCTGCGTTCTTCATCGATGC,CAAGCAGAAGACGGCATACGAGATTCACCCAAGGTACGGCTGCGTTCTTCATCGATGC
8,A3,kabir_ITS2rcbc674,CAAGCAGAAGACGGCATACGAGAT,AGCCAGTCATAC,,CG,GCTGCGTTCTTCATCGATGC,CAAGCAGAAGACGGCATACGAGATAGCCAGTCATACCGGCTGCGTTCTTCATCGATGC
8,A4,kabir_ITS2rcbc675,CAAGCAGAAGACGGCATACGAGAT,TAACGGCGCTCT,,CG,GCTGCGTTCTTCATCGATGC,CAAGCAGAAGACGGCATACGAGATTAACGGCGCTCTCGGCTGCGTTCTTCATCGATGC
8,A5,kabir_ITS2rcbc676,CAAGCAGAAGACGGCATACGAGAT,GTTTGCTCGAGA,,CG,GCTGCGTTCTTCATCGATGC,CAAGCAGAAGACGGCATACGAGATGTTTGCTCGAGACGGCTGCGTTCTTCATCGATGC
8,A6,kabir_ITS2rcbc677,CAAGCAGAAGACGGCATACGAGAT,CAAACGCACTAA,,CG,GCTGCGTTCTTCATCGATGC,CAAGCAGAAGACGGCATACGAGATCAAACGCACTAACGGCTGCGTTCTTCATCGATGC
8,A7,kabir_ITS2rcbc678,CAAGCAGAAGACGGCATACGAGAT,GAACAAAGAGCG,,CG,GCTGCGTTCTTCATCGATGC,CAAGCAGAAGACGGCATACGAGATGAACAAAGAGCGCGGCTGCGTTCTTCATCGATGC
8,A8,kabir_ITS2rcbc679,CAAGCAGAAGACGGCATACGAGAT,GCTAAGTGATGT,,CG,GCTGCGTTCTTCATCGATGC,CAAGCAGAAGACGGCATACGAGATGCTAAGTGATGTCGGCTGCGTTCTTCATCGATGC
8,A9,kabir_ITS2rcbc680,CAAGCAGAAGACGGCATACGAGAT,AAGGGACAAGTG,,CG,GCTGCGTTCTTCATCGATGC,CAAGCAGAAGACGGCATACGAGATAAGGGACAAGTGCGGCTGCGTTCTTCATCGATGC
8,A10,kabir_ITS2rcbc681,CAAGCAGAAGACGGCATACGAGAT,AGTGTCGATTCG,,CG,GCTGCGTTCTTCATCGATGC,CAAGCAGAAGACGGCATACGAGATAGTGTCGATTCGCGGCTGCGTTCTTCATCGATGC
8,A11,kabir_ITS2rcbc682,CAAGCAGAAGACGGCATACGAGAT,CTATTAAGCGGC,,CG,GCTGCGTTCTTCATCGATGC,CAAGCAGAAGACGGCATACGAGATCTATTAAGCGGCCGGCTGCGTTCTTCATCGATGC
8,A12,kabir_ITS2rcbc683,CAAGCAGAAGACGGCATACGAGAT,CCTACCATTGTT,,CG,GCTGCGTTCTTCATCGATGC,CAAGCAGAAGACGGCATACGAGATCCTACCATTGTTCGGCTGCGTTCTTCATCGATGC
8,B1,kabir_ITS2rcbc684,CAAGCAGAAGACGGCATACGAGAT,GAGTCCGTTGCT,,CG,GCTGCGTTCTTCATCGATGC,CAAGCAGAAGACGGCATACGAGATGAGTCCGTTGCTCGGCTGCGTTCTTCATCGATGC
8,B2,kabir_ITS2rcbc685,CAAGCAGAAGACGGCATACGAGAT,GATAACTGTACG,,CG,GCTGCGTTCTTCATCGATGC,CAAGCAGAAGACGGCATACGAGATGATAACTGTACGCGGCTGCGTTCTTCATCGATGC
8,B3,kabir_ITS2rcbc686,CAAGCAGAAGACGGCATACGAGAT,TAAACCTGGACA,,CG,GCTGCGTTCTTCATCGATGC,CAAGCAGAAGACGGCATACGAGATTAAACCTGGACACGGCTGCGTTCTTCATCGATGC
8,B4,kabir_ITS2rcbc687,CAAGCAGAAGACGGCATACGAGAT,CCGAATTGACAA,,CG,GCTGCGTTCTTCATCGATGC,CAAGCAGAAGACGGCATACGAGATCCGAATTGACAACGGCTGCGTTCTTCATCGATGC
8,B5,kabir_ITS2rcbc688,CAAGCAGAAGACGGCATACGAGAT,CTGGCATCTAGC,,CG,GCTGCGTTCTTCATCGATGC,CAAGCAGAAGACGGCATACGAGATCTGGCATCTAGCCGGCTGCGTTCTTCATCGATGC
8,B6,kabir_ITS2rcbc689,CAAGCAGAAGACGGCATACGAGAT,GGTGGTCGTTCT,,CG,GCTGCGTTCTTCATCGATGC,CAAGCAGAAGACGGCATACGAGATGGTGGTCGTTCTCGGCTGCGTTCTTCATCGATGC
8,B7,kabir_ITS2rcbc690,CAAGCAGAAGACGGCATACGAGAT,ACTATGGGCTAA,,CG,GCTGCGTTCTTCATCGATGC,CAAGCAGAAGACGGCATACGAGATACTATGGGCTAACGGCTGCGTTCTTCATCGATGC
8,B8,kabir_ITS2rcbc691,CAAGCAGAAGACGGCATACGAGAT,GCATTGAGTTCG,,CG,GCTGCGTTCTTCATCGATGC,CAAGCAGAAGACGGCATACGAGATGCATTGAGTTCGCGGCTGCGTTCTTCATCGATGC
8,B9,kabir_ITS2rcbc692,CAAGCAGAAGACGGCATACGAGAT,GTTGCTGAGTCC,,CG,GCTGCGTTCTTCATCGATGC,CAAGCAGAAGACGGCATACGAGATGTTGCTGAGTCCCGGCTGCGTTCTTCATCGATGC
8,B10,kabir_ITS2rcbc693,CAAGCAGAAGACGGCATACGAGAT,CTATGGTGAACC,,CG,GCTGCGTTCTTCATCGATGC,CAAGCAGAAGACGGCATACGAGATCTATGGTGAACCCGGCTGCGTTCTTCATCGATGC
8,B11,kabir_ITS2rcbc694,CAAGCAGAAGACGGCATACGAGAT,GGACCAAGGGAT,,CG,GCTGCGTTCTTCATCGATGC,CAAGCAGAAGACGGCATACGAGATGGACCAAGGGATCGGCTGCGTTCTTCATCGATGC
8,B12,kabir_ITS2rcbc695,CAAGCAGAAGACGGCATACGAGAT,GTATTGGTCAGA,,CG,GCTGCGTTCTTCATCGATGC,CAAGCAGAAGACGGCATACGAGATGTATTGGTCAGACGGCTGCGTTCTTCATCGATGC
8,C1,kabir_ITS2rcbc696,CAAGCAGAAGACGGCATACGAGAT,AGAACCGTCATA,,CG,GCTGCGTTCTTCATCGATGC,CAAGCAGAAGACGGCATACGAGATAGAACCGTCATACGGCTGCGTTCTTCATCGATGC
8,C2,kabir_ITS2rcbc697,CAAGCAGAAGACGGCATACGAGAT,AACTGGAACCCT,,CG,GCTGCGTTCTTCATCGATGC,CAAGCAGAAGACGGCATACGAGATAACTGGAACCCTCGGCTGCGTTCTTCATCGATGC
8,C3,kabir_ITS2rcbc698,CAAGCAGAAGACGGCATACGAGAT,ATACTCGGCTGC,,CG,GCTGCGTTCTTCATCGATGC,CAAGCAGAAGACGGCATACGAGATATACTCGGCTGCCGGCTGCGTTCTTCATCGATGC
8,C4,kabir_ITS2rcbc699,CAAGCAGAAGACGGCATACGAGAT,ACGCTTAACGAC,,CG,GCTGCGTTCTTCATCGATGC,CAAGCAGAAGACGGCATACGAGATACGCTTAACGACCGGCTGCGTTCTTCATCGATGC
8,C5,kabir_ITS2rcbc700,CAAGCAGAAGACGGCATACGAGAT,AGCTTACCGACC,,CG,GCTGCGTTCTTCATCGATGC,CAAGCAGAAGACGGCATACGAGATAGCTTACCGACCCGGCTGCGTTCTTCATCGATGC
8,C6,kabir_ITS2rcbc701,CAAGCAGAAGACGGCATACGAGAT,AGGGCTATAGTT,,CG,GCTGCGTTCTTCATCGATGC,CAAGCAGAAGACGGCATACGAGATAGGGCTATAGTTCGGCTGCGTTCTTCATCGATGC
8,C7,kabir_ITS2rcbc702,CAAGCAGAAGACGGCATACGAGAT,TGTCTCGCAAGC,,CG,GCTGCGTTCTTCATCGATGC,CAAGCAGAAGACGGCATACGAGATTGTCTCGCAAGCCGGCTGCGTTCTTCATCGATGC
8,C8,kabir_ITS2rcbc703,CAAGCAGAAGACGGCATACGAGAT,CAGCCGCATATC,,CG,GCTGCGTTCTTCATCGATGC,CAAGCAGAAGACGGCATACGAGATCAGCCGCATATCCGGCTGCGTTCTTCATCGATGC
8,C9,kabir_ITS2rcbc704,CAAGCAGAAGACGGCATACGAGAT,GATACGTTCGCA,,CG,GCTGCGTTCTTCATCGATGC,CAAGCAGAAGACGGCATACGAGATGATACGTTCGCACGGCTGCGTTCTTCATCGATGC
8,C10,kabir_ITS2rcbc705,CAAGCAGAAGACGGCATACGAGAT,CCAAGATTCGCC,,CG,GCTGCGTTCTTCATCGATGC,CAAGCAGAAGACGGCATACGAGATCCAAGATTCGCCCGGCTGCGTTCTTCATCGATGC
8,C11,kabir_ITS2rcbc706,CAAGCAGAAGACGGCATACGAGAT,GAGGCTGATTTA,,CG,GCTGCGTTCTTCATCGATGC,CAAGCAGAAGACGGCATACGAGATGAGGCTGATTTACGGCTGCGTTCTTCATCGATGC
8,C12,kabir_ITS2rcbc707,CAAGCAGAAGACGGCATACGAGAT,GAGTTAGCATCA,,CG,GCTGCGTTCTTCATCGATGC,CAAGCAGAAGACGGCATACGAGATGAGTTAGCATCACGGCTGCGTTCTTCATCGATGC
8,D1,kabir_ITS2rcbc708,CAAGCAGAAGACGGCATACGAGAT,TGTAGTATAGGC,,CG,GCTGCGTTCTTCATCGATGC,CAAGCAGAAGACGGCATACGAGATTGTAGTATAGGCCGGCTGCGTTCTTCATCGATGC
8,D2,kabir_ITS2rcbc709,CAAGCAGAAGACGGCATACGAGAT,CTCACGCAATGC,,CG,GCTGCGTTCTTCATCGATGC,CAAGCAGAAGACGGCATACGAGATCTCACGCAATGCCGGCTGCGTTCTTCATCGATGC
8,D3,kabir_ITS2rcbc710,CAAGCAGAAGACGGCATACGAGAT,GTCCCGTGAAAT,,CG,GCTGCGTTCTTCATCGATGC,CAAGCAGAAGACGGCATACGAGATGTCCCGTGAAATCGGCTGCGTTCTTCATCGATGC
8,D4,kabir_ITS2rcbc711,CAAGCAGAAGACGGCATACGAGAT,GGACAGTGTATT,,CG,GCTGCGTTCTTCATCGATGC,CAAGCAGAAGACGGCATACGAGATGGACAGTGTATTCGGCTGCGTTCTTCATCGATGC
8,D5,kabir_ITS2rcbc712,CAAGCAGAAGACGGCATACGAGAT,ACACGACTATAG,,CG,GCTGCGTTCTTCATCGATGC,CAAGCAGAAGACGGCATACGAGATACACGACTATAGCGGCTGCGTTCTTCATCGATGC
8,D6,kabir_ITS2rcbc713,CAAGCAGAAGACGGCATACGAGAT,GTGTAGGTGCTT,,CG,GCTGCGTTCTTCATCGATGC,CAAGCAGAAGACGGCATACGAGATGTGTAGGTGCTTCGGCTGCGTTCTTCATCGATGC
8,D7,kabir_ITS2rcbc714,CAAGCAGAAGACGGCATACGAGAT,TGAACTAGCGTC,,CG,GCTGCGTTCTTCATCGATGC,CAAGCAGAAGACGGCATACGAGATTGAACTAGCGTCCGGCTGCGTTCTTCATCGATGC
8,D8,kabir_ITS2rcbc715,CAAGCAGAAGACGGCATACGAGAT,TCCGAGTCACCA,,CG,GCTGCGTTCTTCATCGATGC,CAAGCAGAAGACGGCATACGAGATTCCGAGTCACCACGGCTGCGTTCTTCATCGATGC
8,D9,kabir_ITS2rcbc716,CAAGCAGAAGACGGCATACGAGAT,TCCTCTTTGGTC,,CG,GCTGCGTTCTTCATCGATGC,CAAGCAGAAGACGGCATACGAGATTCCTCTTTGGTCCGGCTGCGTTCTTCATCGATGC
8,D10,kabir_ITS2rcbc717,CAAGCAGAAGACGGCATACGAGAT,TCCACCCTCTAT,,CG,GCTGCGTTCTTCATCGATGC,CAAGCAGAAGACGGCATACGAGATTCCACCCTCTATCGGCTGCGTTCTTCATCGATGC
8,D11,kabir_ITS2rcbc718,CAAGCAGAAGACGGCATACGAGAT,TCGTGACGCTAA,,CG,GCTGCGTTCTTCATCGATGC,CAAGCAGAAGACGGCATACGAGATTCGTGACGCTAACGGCTGCGTTCTTCATCGATGC
8,D12,kabir_ITS2rcbc719,CAAGCAGAAGACGGCATACGAGAT,ACGGCTAGTTCC,,CG,GCTGCGTTCTTCATCGATGC,CAAGCAGAAGACGGCATACGAGATACGGCTAGTTCCCGGCTGCGTTCTTCATCGATGC
8,E1,kabir_ITS2rcbc720,CAAGCAGAAGACGGCATACGAGAT,GCACTGGCATAT,,CG,GCTGCGTTCTTCATCGATGC,CAAGCAGAAGACGGCATACGAGATGCACTGGCATATCGGCTGCGTTCTTCATCGATGC
8,E2,kabir_ITS2rcbc721,CAAGCAGAAGACGGCATACGAGAT,GGCATTAGTTGA,,CG,GCTGCGTTCTTCATCGATGC,CAAGCAGAAGACGGCATACGAGATGGCATTAGTTGACGGCTGCGTTCTTCATCGATGC
8,E3,kabir_ITS2rcbc722,CAAGCAGAAGACGGCATACGAGAT,CGGTAGTTGATC,,CG,GCTGCGTTCTTCATCGATGC,CAAGCAGAAGACGGCATACGAGATCGGTAGTTGATCCGGCTGCGTTCTTCATCGATGC
8,E4,kabir_ITS2rcbc723,CAAGCAGAAGACGGCATACGAGAT,TGAAAGCGGCGA,,CG,GCTGCGTTCTTCATCGATGC,CAAGCAGAAGACGGCATACGAGATTGAAAGCGGCGACGGCTGCGTTCTTCATCGATGC
8,E5,kabir_ITS2rcbc724,CAAGCAGAAGACGGCATACGAGAT,GGTTACGGTTAC,,CG,GCTGCGTTCTTCATCGATGC,CAAGCAGAAGACGGCATACGAGATGGTTACGGTTACCGGCTGCGTTCTTCATCGATGC
8,E6,kabir_ITS2rcbc725,CAAGCAGAAGACGGCATACGAGAT,ACATCAGGTCAC,,CG,GCTGCGTTCTTCATCGATGC,CAAGCAGAAGACGGCATACGAGATACATCAGGTCACCGGCTGCGTTCTTCATCGATGC
8,E7,kabir_ITS2rcbc726,CAAGCAGAAGACGGCATACGAGAT,GTTGATACGATG,,CG,GCTGCGTTCTTCATCGATGC,CAAGCAGAAGACGGCATACGAGATGTTGATACGATGCGGCTGCGTTCTTCATCGATGC
8,E8,kabir_ITS2rcbc727,CAAGCAGAAGACGGCATACGAGAT,CAGACACTTCCG,,CG,GCTGCGTTCTTCATCGATGC,CAAGCAGAAGACGGCATACGAGATCAGACACTTCCGCGGCTGCGTTCTTCATCGATGC
8,E9,kabir_ITS2rcbc728,CAAGCAGAAGACGGCATACGAGAT,TCACCATCCGAG,,CG,GCTGCGTTCTTCATCGATGC,CAAGCAGAAGACGGCATACGAGATTCACCATCCGAGCGGCTGCGTTCTTCATCGATGC
8,E10,kabir_ITS2rcbc729,CAAGCAGAAGACGGCATACGAGAT,ACCCACCACTAG,,CG,GCTGCGTTCTTCATCGATGC,CAAGCAGAAGACGGCATACGAGATACCCACCACTAGCGGCTGCGTTCTTCATCGATGC
8,E11,kabir_ITS2rcbc730,CAAGCAGAAGACGGCATACGAGAT,CAGAAGGTGTGG,,CG,GCTGCGTTCTTCATCGATGC,CAAGCAGAAGACGGCATACGAGATCAGAAGGTGTGGCGGCTGCGTTCTTCATCGATGC
8,E12,kabir_ITS2rcbc731,CAAGCAGAAGACGGCATACGAGAT,GAAGCTTGAATC,,CG,GCTGCGTTCTTCATCGATGC,CAAGCAGAAGACGGCATACGAGATGAAGCTTGAATCCGGCTGCGTTCTTCATCGATGC
8,F1,kabir_ITS2rcbc732,CAAGCAGAAGACGGCATACGAGAT,ACTAGGATCAGT,,CG,GCTGCGTTCTTCATCGATGC,CAAGCAGAAGACGGCATACGAGATACTAGGATCAGTCGGCTGCGTTCTTCATCGATGC
8,F2,kabir_ITS2rcbc733,CAAGCAGAAGACGGCATACGAGAT,GCTCCTTAGAAG,,CG,GCTGCGTTCTTCATCGATGC,CAAGCAGAAGACGGCATACGAGATGCTCCTTAGAAGCGGCTGCGTTCTTCATCGATGC
8,F3,kabir_ITS2rcbc734,CAAGCAGAAGACGGCATACGAGAT,TCCCATTCCCAT,,CG,GCTGCGTTCTTCATCGATGC,CAAGCAGAAGACGGCATACGAGATTCCCATTCCCATCGGCTGCGTTCTTCATCGATGC
8,F4,kabir_ITS2rcbc735,CAAGCAGAAGACGGCATACGAGAT,TGGCGTCATTCG,,CG,GCTGCGTTCTTCATCGATGC,CAAGCAGAAGACGGCATACGAGATTGGCGTCATTCGCGGCTGCGTTCTTCATCGATGC
8,F5,kabir_ITS2rcbc736,CAAGCAGAAGACGGCATACGAGAT,AATCCTCGGAGT,,CG,GCTGCGTTCTTCATCGATGC,CAAGCAGAAGACGGCATACGAGATAATCCTCGGAGTCGGCTGCGTTCTTCATCGATGC
8,F6,kabir_ITS2rcbc737,CAAGCAGAAGACGGCATACGAGAT,CTGGACGCATTA,,CG,GCTGCGTTCTTCATCGATGC,CAAGCAGAAGACGGCATACGAGATCTGGACGCATTACGGCTGCGTTCTTCATCGATGC
8,F7,kabir_ITS2rcbc738,CAAGCAGAAGACGGCATACGAGAT,ACCGATTAGGTA,,CG,GCTGCGTTCTTCATCGATGC,CAAGCAGAAGACGGCATACGAGATACCGATTAGGTACGGCTGCGTTCTTCATCGATGC
8,F8,kabir_ITS2rcbc739,CAAGCAGAAGACGGCATACGAGAT,ATGTGCTGCTCG,,CG,GCTGCGTTCTTCATCGATGC,CAAGCAGAAGACGGCATACGAGATATGTGCTGCTCGCGGCTGCGTTCTTCATCGATGC
8,F9,kabir_ITS2rcbc740,CAAGCAGAAGACGGCATACGAGAT,TACGTACGAAAC,,CG,GCTGCGTTCTTCATCGATGC,CAAGCAGAAGACGGCATACGAGATTACGTACGAAACCGGCTGCGTTCTTCATCGATGC
8,F10,kabir_ITS2rcbc741,CAAGCAGAAGACGGCATACGAGAT,ATCACATTCTCC,,CG,GCTGCGTTCTTCATCGATGC,CAAGCAGAAGACGGCATACGAGATATCACATTCTCCCGGCTGCGTTCTTCATCGATGC
8,F11,kabir_ITS2rcbc742,CAAGCAGAAGACGGCATACGAGAT,AGCCTGGTACCT,,CG,GCTGCGTTCTTCATCGATGC,CAAGCAGAAGACGGCATACGAGATAGCCTGGTACCTCGGCTGCGTTCTTCATCGATGC
8,F12,kabir_ITS2rcbc743,CAAGCAGAAGACGGCATACGAGAT,GCTAAAGTCGTA,,CG,GCTGCGTTCTTCATCGATGC,CAAGCAGAAGACGGCATACGAGATGCTAAAGTCGTACGGCTGCGTTCTTCATCGATGC
8,G1,kabir_ITS2rcbc744,CAAGCAGAAGACGGCATACGAGAT,TCTCAGCGCGTA,,CG,GCTGCGTTCTTCATCGATGC,CAAGCAGAAGACGGCATACGAGATTCTCAGCGCGTACGGCTGCGTTCTTCATCGATGC
8,G2,kabir_ITS2rcbc745,CAAGCAGAAGACGGCATACGAGAT,GACCCTAGACCT,,CG,GCTGCGTTCTTCATCGATGC,CAAGCAGAAGACGGCATACGAGATGACCCTAGACCTCGGCTGCGTTCTTCATCGATGC
8,G3,kabir_ITS2rcbc746,CAAGCAGAAGACGGCATACGAGAT,TATTCAGCGGAC,,CG,GCTGCGTTCTTCATCGATGC,CAAGCAGAAGACGGCATACGAGATTATTCAGCGGACCGGCTGCGTTCTTCATCGATGC
8,G4,kabir_ITS2rcbc747,CAAGCAGAAGACGGCATACGAGAT,GTTCCGGATTAG,,CG,GCTGCGTTCTTCATCGATGC,CAAGCAGAAGACGGCATACGAGATGTTCCGGATTAGCGGCTGCGTTCTTCATCGATGC
8,G5,kabir_ITS2rcbc748,CAAGCAGAAGACGGCATACGAGAT,GCGTGTAATTAG,,CG,GCTGCGTTCTTCATCGATGC,CAAGCAGAAGACGGCATACGAGATGCGTGTAATTAGCGGCTGCGTTCTTCATCGATGC
8,G6,kabir_ITS2rcbc749,CAAGCAGAAGACGGCATACGAGAT,CTGTAGCTTGGC,,CG,GCTGCGTTCTTCATCGATGC,CAAGCAGAAGACGGCATACGAGATCTGTAGCTTGGCCGGCTGCGTTCTTCATCGATGC
8,G7,kabir_ITS2rcbc750,CAAGCAGAAGACGGCATACGAGAT,ATGCCTCGTAAG,,CG,GCTGCGTTCTTCATCGATGC,CAAGCAGAAGACGGCATACGAGATATGCCTCGTAAGCGGCTGCGTTCTTCATCGATGC
8,G8,kabir_ITS2rcbc751,CAAGCAGAAGACGGCATACGAGAT,ACCTATGGTGAA,,CG,GCTGCGTTCTTCATCGATGC,CAAGCAGAAGACGGCATACGAGATACCTATGGTGAACGGCTGCGTTCTTCATCGATGC
8,G9,kabir_ITS2rcbc752,CAAGCAGAAGACGGCATACGAGAT,CTGTTACAGCGA,,CG,GCTGCGTTCTTCATCGATGC,CAAGCAGAAGACGGCATACGAGATCTGTTACAGCGACGGCTGCGTTCTTCATCGATGC
8,G10,kabir_ITS2rcbc753,CAAGCAGAAGACGGCATACGAGAT,CAGTCAGGCCTT,,CG,GCTGCGTTCTTCATCGATGC,CAAGCAGAAGACGGCATACGAGATCAGTCAGGCCTTCGGCTGCGTTCTTCATCGATGC
8,G11,kabir_ITS2rcbc754,CAAGCAGAAGACGGCATACGAGAT,ACTGAGCTGCAT,,CG,GCTGCGTTCTTCATCGATGC,CAAGCAGAAGACGGCATACGAGATACTGAGCTGCATCGGCTGCGTTCTTCATCGATGC
8,G12,kabir_ITS2rcbc755,CAAGCAGAAGACGGCATACGAGAT,ACGAAGTCTACC,,CG,GCTGCGTTCTTCATCGATGC,CAAGCAGAAGACGGCATACGAGATACGAAGTCTACCCGGCTGCGTTCTTCATCGATGC
8,H1,kabir_ITS2rcbc756,CAAGCAGAAGACGGCATACGAGAT,ACCGTCTTTCTC,,CG,GCTGCGTTCTTCATCGATGC,CAAGCAGAAGACGGCATACGAGATACCGTCTTTCTCCGGCTGCGTTCTTCATCGATGC
8,H2,kabir_ITS2rcbc757,CAAGCAGAAGACGGCATACGAGAT,AGTCTGTCTGCG,,CG,GCTGCGTTCTTCATCGATGC,CAAGCAGAAGACGGCATACGAGATAGTCTGTCTGCGCGGCTGCGTTCTTCATCGATGC
8,H3,kabir_ITS2rcbc758,CAAGCAGAAGACGGCATACGAGAT,CCGCACTCAAGT,,CG,GCTGCGTTCTTCATCGATGC,CAAGCAGAAGACGGCATACGAGATCCGCACTCAAGTCGGCTGCGTTCTTCATCGATGC
8,H4,kabir_ITS2rcbc759,CAAGCAGAAGACGGCATACGAGAT,TGTGGAAACTCC,,CG,GCTGCGTTCTTCATCGATGC,CAAGCAGAAGACGGCATACGAGATTGTGGAAACTCCCGGCTGCGTTCTTCATCGATGC
8,H5,kabir_ITS2rcbc760,CAAGCAGAAGACGGCATACGAGAT,TTAGGCAGGTTC,,CG,GCTGCGTTCTTCATCGATGC,CAAGCAGAAGACGGCATACGAGATTTAGGCAGGTTCCGGCTGCGTTCTTCATCGATGC
8,H6,kabir_ITS2rcbc761,CAAGCAGAAGACGGCATACGAGAT,TAAGACTACTGG,,CG,GCTGCGTTCTTCATCGATGC,CAAGCAGAAGACGGCATACGAGATTAAGACTACTGGCGGCTGCGTTCTTCATCGATGC
8,H7,kabir_ITS2rcbc762,CAAGCAGAAGACGGCATACGAGAT,CGCGAAGTTTCA,,CG,GCTGCGTTCTTCATCGATGC,CAAGCAGAAGACGGCATACGAGATCGCGAAGTTTCACGGCTGCGTTCTTCATCGATGC
8,H8,kabir_ITS2rcbc763,CAAGCAGAAGACGGCATACGAGAT,CGATACACTGCC,,CG,GCTGCGTTCTTCATCGATGC,CAAGCAGAAGACGGCATACGAGATCGATACACTGCCCGGCTGCGTTCTTCATCGATGC
8,H9,kabir_ITS2rcbc764,CAAGCAGAAGACGGCATACGAGAT,TTGAAATCCCGG,,CG,GCTGCGTTCTTCATCGATGC,CAAGCAGAAGACGGCATACGAGATTTGAAATCCCGGCGGCTGCGTTCTTCATCGATGC
8,H10,kabir_ITS2rcbc765,CAAGCAGAAGACGGCATACGAGAT,GTTAGGGAGCGA,,CG,GCTGCGTTCTTCATCGATGC,CAAGCAGAAGACGGCATACGAGATGTTAGGGAGCGACGGCTGCGTTCTTCATCGATGC
8,H11,kabir_ITS2rcbc766,CAAGCAGAAGACGGCATACGAGAT,TTACTGTGGCCG,,CG,GCTGCGTTCTTCATCGATGC,CAAGCAGAAGACGGCATACGAGATTTACTGTGGCCGCGGCTGCGTTCTTCATCGATGC
8,H12,kabir_ITS2rcbc767,CAAGCAGAAGACGGCATACGAGAT,ATATAAGGCCCA,,CG,GCTGCGTTCTTCATCGATGC,CAAGCAGAAGACGGCATACGAGATATATAAGGCCCACGGCTGCGTTCTTCATCGATGC
,,,,,,,,
10,A1,kabir_ITS2rcbc864,CAAGCAGAAGACGGCATACGAGAT,CGTACCAGATCC,,CG,GCTGCGTTCTTCATCGATGC,CAAGCAGAAGACGGCATACGAGATCGTACCAGATCCCGGCTGCGTTCTTCATCGATGC
10,A2,kabir_ITS2rcbc865,CAAGCAGAAGACGGCATACGAGAT,ATGTTTAGACGG,,CG,GCTGCGTTCTTCATCGATGC,CAAGCAGAAGACGGCATACGAGATATGTTTAGACGGCGGCTGCGTTCTTCATCGATGC
10,A3,kabir_ITS2rcbc866,CAAGCAGAAGACGGCATACGAGAT,ACATGTCACGTG,,CG,GCTGCGTTCTTCATCGATGC,CAAGCAGAAGACGGCATACGAGATACATGTCACGTGCGGCTGCGTTCTTCATCGATGC
10,A4,kabir_ITS2rcbc867,CAAGCAGAAGACGGCATACGAGAT,CTTTAGCGCTGG,,CG,GCTGCGTTCTTCATCGATGC,CAAGCAGAAGACGGCATACGAGATCTTTAGCGCTGGCGGCTGCGTTCTTCATCGATGC
10,A5,kabir_ITS2rcbc868,CAAGCAGAAGACGGCATACGAGAT,CTGGTCTTACGG,,CG,GCTGCGTTCTTCATCGATGC,CAAGCAGAAGACGGCATACGAGATCTGGTCTTACGGCGGCTGCGTTCTTCATCGATGC
10,A6,kabir_ITS2rcbc869,CAAGCAGAAGACGGCATACGAGAT,CAAGTCGAATAC,,CG,GCTGCGTTCTTCATCGATGC,CAAGCAGAAGACGGCATACGAGATCAAGTCGAATACCGGCTGCGTTCTTCATCGATGC
10,A7,kabir_ITS2rcbc870,CAAGCAGAAGACGGCATACGAGAT,GCAAGTGTGAGG,,CG,GCTGCGTTCTTCATCGATGC,CAAGCAGAAGACGGCATACGAGATGCAAGTGTGAGGCGGCTGCGTTCTTCATCGATGC
10,A8,kabir_ITS2rcbc871,CAAGCAGAAGACGGCATACGAGAT,CTCGGTCAACCA,,CG,GCTGCGTTCTTCATCGATGC,CAAGCAGAAGACGGCATACGAGATCTCGGTCAACCACGGCTGCGTTCTTCATCGATGC
10,A9,kabir_ITS2rcbc872,CAAGCAGAAGACGGCATACGAGAT,ACCCTATTGCGG,,CG,GCTGCGTTCTTCATCGATGC,CAAGCAGAAGACGGCATACGAGATACCCTATTGCGGCGGCTGCGTTCTTCATCGATGC
10,A10,kabir_ITS2rcbc873,CAAGCAGAAGACGGCATACGAGAT,TCCGTTCGTTTA,,CG,GCTGCGTTCTTCATCGATGC,CAAGCAGAAGACGGCATACGAGATTCCGTTCGTTTACGGCTGCGTTCTTCATCGATGC
10,A11,kabir_ITS2rcbc874,CAAGCAGAAGACGGCATACGAGAT,ACCACCGTAACC,,CG,GCTGCGTTCTTCATCGATGC,CAAGCAGAAGACGGCATACGAGATACCACCGTAACCCGGCTGCGTTCTTCATCGATGC
10,A12,kabir_ITS2rcbc875,CAAGCAGAAGACGGCATACGAGAT,CATTTCGCACTT,,CG,GCTGCGTTCTTCATCGATGC,CAAGCAGAAGACGGCATACGAGATCATTTCGCACTTCGGCTGCGTTCTTCATCGATGC
10,B1,kabir_ITS2rcbc876,CAAGCAGAAGACGGCATACGAGAT,TTAAGCGCCTGA,,CG,GCTGCGTTCTTCATCGATGC,CAAGCAGAAGACGGCATACGAGATTTAAGCGCCTGACGGCTGCGTTCTTCATCGATGC
10,B2,kabir_ITS2rcbc877,CAAGCAGAAGACGGCATACGAGAT,TGCGGGATTCAT,,CG,GCTGCGTTCTTCATCGATGC,CAAGCAGAAGACGGCATACGAGATTGCGGGATTCATCGGCTGCGTTCTTCATCGATGC
10,B3,kabir_ITS2rcbc878,CAAGCAGAAGACGGCATACGAGAT,CAAACTGCGTTG,,CG,GCTGCGTTCTTCATCGATGC,CAAGCAGAAGACGGCATACGAGATCAAACTGCGTTGCGGCTGCGTTCTTCATCGATGC
10,B4,kabir_ITS2rcbc879,CAAGCAGAAGACGGCATACGAGAT,TTAGACTCGGAA,,CG,GCTGCGTTCTTCATCGATGC,CAAGCAGAAGACGGCATACGAGATTTAGACTCGGAACGGCTGCGTTCTTCATCGATGC
10,B5,kabir_ITS2rcbc880,CAAGCAGAAGACGGCATACGAGAT,GACCGATAGGGA,,CG,GCTGCGTTCTTCATCGATGC,CAAGCAGAAGACGGCATACGAGATGACCGATAGGGACGGCTGCGTTCTTCATCGATGC
10,B6,kabir_ITS2rcbc881,CAAGCAGAAGACGGCATACGAGAT,GGCGAACTGAAG,,CG,GCTGCGTTCTTCATCGATGC,CAAGCAGAAGACGGCATACGAGATGGCGAACTGAAGCGGCTGCGTTCTTCATCGATGC
10,B7,kabir_ITS2rcbc882,CAAGCAGAAGACGGCATACGAGAT,CGGCACTATCAC,,CG,GCTGCGTTCTTCATCGATGC,CAAGCAGAAGACGGCATACGAGATCGGCACTATCACCGGCTGCGTTCTTCATCGATGC
10,B8,kabir_ITS2rcbc883,CAAGCAGAAGACGGCATACGAGAT,AGGTGGTGGAGT,,CG,GCTGCGTTCTTCATCGATGC,CAAGCAGAAGACGGCATACGAGATAGGTGGTGGAGTCGGCTGCGTTCTTCATCGATGC
10,B9,kabir_ITS2rcbc884,CAAGCAGAAGACGGCATACGAGAT,ATTCCCAGAACG,,CG,GCTGCGTTCTTCATCGATGC,CAAGCAGAAGACGGCATACGAGATATTCCCAGAACGCGGCTGCGTTCTTCATCGATGC
10,B10,kabir_ITS2rcbc885,CAAGCAGAAGACGGCATACGAGAT,AGACGTTGCTAC,,CG,GCTGCGTTCTTCATCGATGC,CAAGCAGAAGACGGCATACGAGATAGACGTTGCTACCGGCTGCGTTCTTCATCGATGC
10,B11,kabir_ITS2rcbc886,CAAGCAGAAGACGGCATACGAGAT,AGAATAGCGCTT,,CG,GCTGCGTTCTTCATCGATGC,CAAGCAGAAGACGGCATACGAGATAGAATAGCGCTTCGGCTGCGTTCTTCATCGATGC
10,B12,kabir_ITS2rcbc887,CAAGCAGAAGACGGCATACGAGAT,AAGCGTACATTG,,CG,GCTGCGTTCTTCATCGATGC,CAAGCAGAAGACGGCATACGAGATAAGCGTACATTGCGGCTGCGTTCTTCATCGATGC
10,C1,kabir_ITS2rcbc888,CAAGCAGAAGACGGCATACGAGAT,GTTATGACGGAT,,CG,GCTGCGTTCTTCATCGATGC,CAAGCAGAAGACGGCATACGAGATGTTATGACGGATCGGCTGCGTTCTTCATCGATGC
10,C2,kabir_ITS2rcbc889,CAAGCAGAAGACGGCATACGAGAT,AGCCTCATGATG,,CG,GCTGCGTTCTTCATCGATGC,CAAGCAGAAGACGGCATACGAGATAGCCTCATGATGCGGCTGCGTTCTTCATCGATGC
10,C3,kabir_ITS2rcbc890,CAAGCAGAAGACGGCATACGAGAT,GTGTATCGCCAC,,CG,GCTGCGTTCTTCATCGATGC,CAAGCAGAAGACGGCATACGAGATGTGTATCGCCACCGGCTGCGTTCTTCATCGATGC
10,C4,kabir_ITS2rcbc891,CAAGCAGAAGACGGCATACGAGAT,CCAAACTCGTCG,,CG,GCTGCGTTCTTCATCGATGC,CAAGCAGAAGACGGCATACGAGATCCAAACTCGTCGCGGCTGCGTTCTTCATCGATGC
10,C5,kabir_ITS2rcbc892,CAAGCAGAAGACGGCATACGAGAT,ACGTGAGGAACG,,CG,GCTGCGTTCTTCATCGATGC,CAAGCAGAAGACGGCATACGAGATACGTGAGGAACGCGGCTGCGTTCTTCATCGATGC
10,C6,kabir_ITS2rcbc893,CAAGCAGAAGACGGCATACGAGAT,TGAATCGAAGCT,,CG,GCTGCGTTCTTCATCGATGC,CAAGCAGAAGACGGCATACGAGATTGAATCGAAGCTCGGCTGCGTTCTTCATCGATGC
10,C7,kabir_ITS2rcbc894,CAAGCAGAAGACGGCATACGAGAT,CTGCAGTAAGTA,,CG,GCTGCGTTCTTCATCGATGC,CAAGCAGAAGACGGCATACGAGATCTGCAGTAAGTACGGCTGCGTTCTTCATCGATGC
10,C8,kabir_ITS2rcbc895,CAAGCAGAAGACGGCATACGAGAT,TATAGGCTCCGC,,CG,GCTGCGTTCTTCATCGATGC,CAAGCAGAAGACGGCATACGAGATTATAGGCTCCGCCGGCTGCGTTCTTCATCGATGC
10,C9,kabir_ITS2rcbc896,CAAGCAGAAGACGGCATACGAGAT,ATCGTGTGTTGG,,CG,GCTGCGTTCTTCATCGATGC,CAAGCAGAAGACGGCATACGAGATATCGTGTGTTGGCGGCTGCGTTCTTCATCGATGC
10,C10,kabir_ITS2rcbc897,CAAGCAGAAGACGGCATACGAGAT,CTTCCGCAGACA,,CG,GCTGCGTTCTTCATCGATGC,CAAGCAGAAGACGGCATACGAGATCTTCCGCAGACACGGCTGCGTTCTTCATCGATGC
10,C11,kabir_ITS2rcbc898,CAAGCAGAAGACGGCATACGAGAT,GCACTATACGCA,,CG,GCTGCGTTCTTCATCGATGC,CAAGCAGAAGACGGCATACGAGATGCACTATACGCACGGCTGCGTTCTTCATCGATGC
10,C12,kabir_ITS2rcbc899,CAAGCAGAAGACGGCATACGAGAT,TCTGGGCATTGA,,CG,GCTGCGTTCTTCATCGATGC,CAAGCAGAAGACGGCATACGAGATTCTGGGCATTGACGGCTGCGTTCTTCATCGATGC
10,D1,kabir_ITS2rcbc900,CAAGCAGAAGACGGCATACGAGAT,CCAATGATAAGC,,CG,GCTGCGTTCTTCATCGATGC,CAAGCAGAAGACGGCATACGAGATCCAATGATAAGCCGGCTGCGTTCTTCATCGATGC
10,D2,kabir_ITS2rcbc901,CAAGCAGAAGACGGCATACGAGAT,TTAAACCGCGCC,,CG,GCTGCGTTCTTCATCGATGC,CAAGCAGAAGACGGCATACGAGATTTAAACCGCGCCCGGCTGCGTTCTTCATCGATGC
10,D3,kabir_ITS2rcbc902,CAAGCAGAAGACGGCATACGAGAT,CTTGCATACCGG,,CG,GCTGCGTTCTTCATCGATGC,CAAGCAGAAGACGGCATACGAGATCTTGCATACCGGCGGCTGCGTTCTTCATCGATGC
10,D4,kabir_ITS2rcbc903,CAAGCAGAAGACGGCATACGAGAT,GTGCACGATAAT,,CG,GCTGCGTTCTTCATCGATGC,CAAGCAGAAGACGGCATACGAGATGTGCACGATAATCGGCTGCGTTCTTCATCGATGC
10,D5,kabir_ITS2rcbc904,CAAGCAGAAGACGGCATACGAGAT,GGTCTAGGTCTA,,CG,GCTGCGTTCTTCATCGATGC,CAAGCAGAAGACGGCATACGAGATGGTCTAGGTCTACGGCTGCGTTCTTCATCGATGC
10,D6,kabir_ITS2rcbc905,CAAGCAGAAGACGGCATACGAGAT,TCAGGACGTATC,,CG,GCTGCGTTCTTCATCGATGC,CAAGCAGAAGACGGCATACGAGATTCAGGACGTATCCGGCTGCGTTCTTCATCGATGC
10,D7,kabir_ITS2rcbc906,CAAGCAGAAGACGGCATACGAGAT,GAAAGGTGAGAA,,CG,GCTGCGTTCTTCATCGATGC,CAAGCAGAAGACGGCATACGAGATGAAAGGTGAGAACGGCTGCGTTCTTCATCGATGC
10,D8,kabir_ITS2rcbc907,CAAGCAGAAGACGGCATACGAGAT,GAATATACCTGG,,CG,GCTGCGTTCTTCATCGATGC,CAAGCAGAAGACGGCATACGAGATGAATATACCTGGCGGCTGCGTTCTTCATCGATGC
10,D9,kabir_ITS2rcbc908,CAAGCAGAAGACGGCATACGAGAT,GTCGCTTGCACA,,CG,GCTGCGTTCTTCATCGATGC,CAAGCAGAAGACGGCATACGAGATGTCGCTTGCACACGGCTGCGTTCTTCATCGATGC
10,D10,kabir_ITS2rcbc909,CAAGCAGAAGACGGCATACGAGAT,TCTACCACGAAG,,CG,GCTGCGTTCTTCATCGATGC,CAAGCAGAAGACGGCATACGAGATTCTACCACGAAGCGGCTGCGTTCTTCATCGATGC
10,D11,kabir_ITS2rcbc910,CAAGCAGAAGACGGCATACGAGAT,AATATCGGGATC,,CG,GCTGCGTTCTTCATCGATGC,CAAGCAGAAGACGGCATACGAGATAATATCGGGATCCGGCTGCGTTCTTCATCGATGC
10,D12,kabir_ITS2rcbc911,CAAGCAGAAGACGGCATACGAGAT,TAGTGCATTCGG,,CG,GCTGCGTTCTTCATCGATGC,CAAGCAGAAGACGGCATACGAGATTAGTGCATTCGGCGGCTGCGTTCTTCATCGATGC
10,E1,kabir_ITS2rcbc912,CAAGCAGAAGACGGCATACGAGAT,TCAATGACCGCA,,CG,GCTGCGTTCTTCATCGATGC,CAAGCAGAAGACGGCATACGAGATTCAATGACCGCACGGCTGCGTTCTTCATCGATGC
10,E2,kabir_ITS2rcbc913,CAAGCAGAAGACGGCATACGAGAT,CTATCGGAAGAT,,CG,GCTGCGTTCTTCATCGATGC,CAAGCAGAAGACGGCATACGAGATCTATCGGAAGATCGGCTGCGTTCTTCATCGATGC
10,E3,kabir_ITS2rcbc914,CAAGCAGAAGACGGCATACGAGAT,CGGATTGCTGTA,,CG,GCTGCGTTCTTCATCGATGC,CAAGCAGAAGACGGCATACGAGATCGGATTGCTGTACGGCTGCGTTCTTCATCGATGC
10,E4,kabir_ITS2rcbc915,CAAGCAGAAGACGGCATACGAGAT,GGTACTGTACCA,,CG,GCTGCGTTCTTCATCGATGC,CAAGCAGAAGACGGCATACGAGATGGTACTGTACCACGGCTGCGTTCTTCATCGATGC
10,E5,kabir_ITS2rcbc916,CAAGCAGAAGACGGCATACGAGAT,ATCGAATCGAGT,,CG,GCTGCGTTCTTCATCGATGC,CAAGCAGAAGACGGCATACGAGATATCGAATCGAGTCGGCTGCGTTCTTCATCGATGC
10,E6,kabir_ITS2rcbc917,CAAGCAGAAGACGGCATACGAGAT,CTAGCAGTATGA,,CG,GCTGCGTTCTTCATCGATGC,CAAGCAGAAGACGGCATACGAGATCTAGCAGTATGACGGCTGCGTTCTTCATCGATGC
10,E7,kabir_ITS2rcbc918,CAAGCAGAAGACGGCATACGAGAT,GTTAATGGCAGT,,CG,GCTGCGTTCTTCATCGATGC,CAAGCAGAAGACGGCATACGAGATGTTAATGGCAGTCGGCTGCGTTCTTCATCGATGC
10,E8,kabir_ITS2rcbc919,CAAGCAGAAGACGGCATACGAGAT,GTATGGAGCTAT,,CG,GCTGCGTTCTTCATCGATGC,CAAGCAGAAGACGGCATACGAGATGTATGGAGCTATCGGCTGCGTTCTTCATCGATGC
10,E9,kabir_ITS2rcbc920,CAAGCAGAAGACGGCATACGAGAT,CCTTCTGTATAC,,CG,GCTGCGTTCTTCATCGATGC,CAAGCAGAAGACGGCATACGAGATCCTTCTGTATACCGGCTGCGTTCTTCATCGATGC
10,E10,kabir_ITS2rcbc921,CAAGCAGAAGACGGCATACGAGAT,ACGCTGTCGGTT,,CG,GCTGCGTTCTTCATCGATGC,CAAGCAGAAGACGGCATACGAGATACGCTGTCGGTTCGGCTGCGTTCTTCATCGATGC
10,E11,kabir_ITS2rcbc922,CAAGCAGAAGACGGCATACGAGAT,CTCGTTTCAGTT,,CG,GCTGCGTTCTTCATCGATGC,CAAGCAGAAGACGGCATACGAGATCTCGTTTCAGTTCGGCTGCGTTCTTCATCGATGC
10,E12,kabir_ITS2rcbc923,CAAGCAGAAGACGGCATACGAGAT,GCGAACCTATAC,,CG,GCTGCGTTCTTCATCGATGC,CAAGCAGAAGACGGCATACGAGATGCGAACCTATACCGGCTGCGTTCTTCATCGATGC
10,F1,kabir_ITS2rcbc924,CAAGCAGAAGACGGCATACGAGAT,CTCTCATATGCT,,CG,GCTGCGTTCTTCATCGATGC,CAAGCAGAAGACGGCATACGAGATCTCTCATATGCTCGGCTGCGTTCTTCATCGATGC
10,F2,kabir_ITS2rcbc925,CAAGCAGAAGACGGCATACGAGAT,CCAGTATCGCGT,,CG,GCTGCGTTCTTCATCGATGC,CAAGCAGAAGACGGCATACGAGATCCAGTATCGCGTCGGCTGCGTTCTTCATCGATGC
10,F3,kabir_ITS2rcbc926,CAAGCAGAAGACGGCATACGAGAT,TCGTTTCTTCAG,,CG,GCTGCGTTCTTCATCGATGC,CAAGCAGAAGACGGCATACGAGATTCGTTTCTTCAGCGGCTGCGTTCTTCATCGATGC
10,F4,kabir_ITS2rcbc927,CAAGCAGAAGACGGCATACGAGAT,AGTACCTAAGTG,,CG,GCTGCGTTCTTCATCGATGC,CAAGCAGAAGACGGCATACGAGATAGTACCTAAGTGCGGCTGCGTTCTTCATCGATGC
10,F5,kabir_ITS2rcbc928,CAAGCAGAAGACGGCATACGAGAT,GGATGCAGGATG,,CG,GCTGCGTTCTTCATCGATGC,CAAGCAGAAGACGGCATACGAGATGGATGCAGGATGCGGCTGCGTTCTTCATCGATGC
10,F6,kabir_ITS2rcbc929,CAAGCAGAAGACGGCATACGAGAT,CCACTTGAGAGT,,CG,GCTGCGTTCTTCATCGATGC,CAAGCAGAAGACGGCATACGAGATCCACTTGAGAGTCGGCTGCGTTCTTCATCGATGC
10,F7,kabir_ITS2rcbc930,CAAGCAGAAGACGGCATACGAGAT,GCACTTCATTTC,,CG,GCTGCGTTCTTCATCGATGC,CAAGCAGAAGACGGCATACGAGATGCACTTCATTTCCGGCTGCGTTCTTCATCGATGC
10,F8,kabir_ITS2rcbc931,CAAGCAGAAGACGGCATACGAGAT,AGAATCCACCAC,,CG,GCTGCGTTCTTCATCGATGC,CAAGCAGAAGACGGCATACGAGATAGAATCCACCACCGGCTGCGTTCTTCATCGATGC
10,F9,kabir_ITS2rcbc932,CAAGCAGAAGACGGCATACGAGAT,CTCAAGTCAAAG,,CG,GCTGCGTTCTTCATCGATGC,CAAGCAGAAGACGGCATACGAGATCTCAAGTCAAAGCGGCTGCGTTCTTCATCGATGC
10,F10,kabir_ITS2rcbc933,CAAGCAGAAGACGGCATACGAGAT,GTACCTAGCCTG,,CG,GCTGCGTTCTTCATCGATGC,CAAGCAGAAGACGGCATACGAGATGTACCTAGCCTGCGGCTGCGTTCTTCATCGATGC
10,F11,kabir_ITS2rcbc934,CAAGCAGAAGACGGCATACGAGAT,CACTGAGTACGT,,CG,GCTGCGTTCTTCATCGATGC,CAAGCAGAAGACGGCATACGAGATCACTGAGTACGTCGGCTGCGTTCTTCATCGATGC
10,F12,kabir_ITS2rcbc935,CAAGCAGAAGACGGCATACGAGAT,TCAAGCAATACG,,CG,GCTGCGTTCTTCATCGATGC,CAAGCAGAAGACGGCATACGAGATTCAAGCAATACGCGGCTGCGTTCTTCATCGATGC
10,G1,kabir_ITS2rcbc936,CAAGCAGAAGACGGCATACGAGAT,CATGTTGGAACA,,CG,GCTGCGTTCTTCATCGATGC,CAAGCAGAAGACGGCATACGAGATCATGTTGGAACACGGCTGCGTTCTTCATCGATGC
10,G2,kabir_ITS2rcbc937,CAAGCAGAAGACGGCATACGAGAT,ATGGGACCTTCA,,CG,GCTGCGTTCTTCATCGATGC,CAAGCAGAAGACGGCATACGAGATATGGGACCTTCACGGCTGCGTTCTTCATCGATGC
10,G3,kabir_ITS2rcbc938,CAAGCAGAAGACGGCATACGAGAT,GCTATTCCTCAT,,CG,GCTGCGTTCTTCATCGATGC,CAAGCAGAAGACGGCATACGAGATGCTATTCCTCATCGGCTGCGTTCTTCATCGATGC
10,G4,kabir_ITS2rcbc939,CAAGCAGAAGACGGCATACGAGAT,GTCTCTGAAAGA,,CG,GCTGCGTTCTTCATCGATGC,CAAGCAGAAGACGGCATACGAGATGTCTCTGAAAGACGGCTGCGTTCTTCATCGATGC
10,G5,kabir_ITS2rcbc940,CAAGCAGAAGACGGCATACGAGAT,GTTCTGCTTGTT,,CG,GCTGCGTTCTTCATCGATGC,CAAGCAGAAGACGGCATACGAGATGTTCTGCTTGTTCGGCTGCGTTCTTCATCGATGC
10,G6,kabir_ITS2rcbc941,CAAGCAGAAGACGGCATACGAGAT,GTCAAGACCTCA,,CG,GCTGCGTTCTTCATCGATGC,CAAGCAGAAGACGGCATACGAGATGTCAAGACCTCACGGCTGCGTTCTTCATCGATGC
10,G7,kabir_ITS2rcbc942,CAAGCAGAAGACGGCATACGAGAT,TTGTTACGTTCC,,CG,GCTGCGTTCTTCATCGATGC,CAAGCAGAAGACGGCATACGAGATTTGTTACGTTCCCGGCTGCGTTCTTCATCGATGC
10,G8,kabir_ITS2rcbc943,CAAGCAGAAGACGGCATACGAGAT,CAGTTCGAGATA,,CG,GCTGCGTTCTTCATCGATGC,CAAGCAGAAGACGGCATACGAGATCAGTTCGAGATACGGCTGCGTTCTTCATCGATGC
10,G9,kabir_ITS2rcbc944,CAAGCAGAAGACGGCATACGAGAT,AATGTCACCAGA,,CG,GCTGCGTTCTTCATCGATGC,CAAGCAGAAGACGGCATACGAGATAATGTCACCAGACGGCTGCGTTCTTCATCGATGC
10,G10,kabir_ITS2rcbc945,CAAGCAGAAGACGGCATACGAGAT,CAGCCTGCAAAT,,CG,GCTGCGTTCTTCATCGATGC,CAAGCAGAAGACGGCATACGAGATCAGCCTGCAAATCGGCTGCGTTCTTCATCGATGC
10,G11,kabir_ITS2rcbc946,CAAGCAGAAGACGGCATACGAGAT,TTGCAAGTACCG,,CG,GCTGCGTTCTTCATCGATGC,CAAGCAGAAGACGGCATACGAGATTTGCAAGTACCGCGGCTGCGTTCTTCATCGATGC
10,G12,kabir_ITS2rcbc947,CAAGCAGAAGACGGCATACGAGAT,GCTTCTCTCACT,,CG,GCTGCGTTCTTCATCGATGC,CAAGCAGAAGACGGCATACGAGATGCTTCTCTCACTCGGCTGCGTTCTTCATCGATGC
10,H1,kabir_ITS2rcbc948,CAAGCAGAAGACGGCATACGAGAT,CGAGATAGTTTG,,CG,GCTGCGTTCTTCATCGATGC,CAAGCAGAAGACGGCATACGAGATCGAGATAGTTTGCGGCTGCGTTCTTCATCGATGC
10,H2,kabir_ITS2rcbc949,CAAGCAGAAGACGGCATACGAGAT,CGCGTCAAACTA,,CG,GCTGCGTTCTTCATCGATGC,CAAGCAGAAGACGGCATACGAGATCGCGTCAAACTACGGCTGCGTTCTTCATCGATGC
10,H3,kabir_ITS2rcbc950,CAAGCAGAAGACGGCATACGAGAT,TTGACACACGAC,,CG,GCTGCGTTCTTCATCGATGC,CAAGCAGAAGACGGCATACGAGATTTGACACACGACCGGCTGCGTTCTTCATCGATGC
10,H4,kabir_ITS2rcbc951,CAAGCAGAAGACGGCATACGAGAT,ATAAGGTCGCCT,,CG,GCTGCGTTCTTCATCGATGC,CAAGCAGAAGACGGCATACGAGATATAAGGTCGCCTCGGCTGCGTTCTTCATCGATGC
10,H5,kabir_ITS2rcbc952,CAAGCAGAAGACGGCATACGAGAT,TTGCCCTTTGAT,,CG,GCTGCGTTCTTCATCGATGC,CAAGCAGAAGACGGCATACGAGATTTGCCCTTTGATCGGCTGCGTTCTTCATCGATGC
10,H6,kabir_ITS2rcbc953,CAAGCAGAAGACGGCATACGAGAT,CCTGGAATTAAG,,CG,GCTGCGTTCTTCATCGATGC,CAAGCAGAAGACGGCATACGAGATCCTGGAATTAAGCGGCTGCGTTCTTCATCGATGC
10,H7,kabir_ITS2rcbc954,CAAGCAGAAGACGGCATACGAGAT,TGAGACCCTACA,,CG,GCTGCGTTCTTCATCGATGC,CAAGCAGAAGACGGCATACGAGATTGAGACCCTACACGGCTGCGTTCTTCATCGATGC
10,H8,kabir_ITS2rcbc955,CAAGCAGAAGACGGCATACGAGAT,AAGTATCCTGCG,,CG,GCTGCGTTCTTCATCGATGC,CAAGCAGAAGACGGCATACGAGATAAGTATCCTGCGCGGCTGCGTTCTTCATCGATGC
10,H9,kabir_ITS2rcbc956,CAAGCAGAAGACGGCATACGAGAT,CAAATGGTCGTC,,CG,GCTGCGTTCTTCATCGATGC,CAAGCAGAAGACGGCATACGAGATCAAATGGTCGTCCGGCTGCGTTCTTCATCGATGC
10,H10,kabir_ITS2rcbc957,CAAGCAGAAGACGGCATACGAGAT,ACACATAAGTCG,,CG,GCTGCGTTCTTCATCGATGC,CAAGCAGAAGACGGCATACGAGATACACATAAGTCGCGGCTGCGTTCTTCATCGATGC
10,H11,kabir_ITS2rcbc958,CAAGCAGAAGACGGCATACGAGAT,TACTGCCAGTGA,,CG,GCTGCGTTCTTCATCGATGC,CAAGCAGAAGACGGCATACGAGATTACTGCCAGTGACGGCTGCGTTCTTCATCGATGC
10,H12,kabir_ITS2rcbc959,CAAGCAGAAGACGGCATACGAGAT,GAGTTTACGGTC,,CG,GCTGCGTTCTTCATCGATGC,CAAGCAGAAGACGGCATACGAGATGAGTTTACGGTCCGGCTGCGTTCTTCATCGATGC