Plate,Well,Name,Illumina 5' Adapter,Golay Barcode,Forward Primer Pad,Forward Primer Linker,515FB Forward Primer (Parada),Primer For PCR
4,A1,515rcbc288,AATGATACGGCGACCACCGAGATCTACACGCT,TAGGACGGGAGT,TATGGTAATT,GT,GTGYCAGCMGCCGCGGTAA,AATGATACGGCGACCACCGAGATCTACACGCTTAGGACGGGAGTTATGGTAATTGTGTGYCAGCMGCCGCGGTAA
4,A2,515rcbc289,AATGATACGGCGACCACCGAGATCTACACGCT,AAGTCTTATCTC,TATGGTAATT,GT,GTGYCAGCMGCCGCGGTAA,AATGATACGGCGACCACCGAGATCTACACGCTAAGTCTTATCTCTATGGTAATTGTGTGYCAGCMGCCGCGGTAA
4,A3,515rcbc290,AATGATACGGCGACCACCGAGATCTACACGCT,TTGCACCGTCGA,TATGGTAATT,GT,GTGYCAGCMGCCGCGGTAA,AATGATACGGCGACCACCGAGATCTACACGCTTTGCACCGTCGATATGGTAATTGTGTGYCAGCMGCCGCGGTAA
4,A4,515rcbc291,AATGATACGGCGACCACCGAGATCTACACGCT,CTCCGAACAACA,TATGGTAATT,GT,GTGYCAGCMGCCGCGGTAA,AATGATACGGCGACCACCGAGATCTACACGCTCTCCGAACAACATATGGTAATTGTGTGYCAGCMGCCGCGGTAA
4,A5,515rcbc292,AATGATACGGCGACCACCGAGATCTACACGCT,TCTGGCTACGAC,TATGGTAATT,GT,GTGYCAGCMGCCGCGGTAA,AATGATACGGCGACCACCGAGATCTACACGCTTCTGGCTACGACTATGGTAATTGTGTGYCAGCMGCCGCGGTAA
4,A6,515rcbc293,AATGATACGGCGACCACCGAGATCTACACGCT,AGTAGTTTCCTT,TATGGTAATT,GT,GTGYCAGCMGCCGCGGTAA,AATGATACGGCGACCACCGAGATCTACACGCTAGTAGTTTCCTTTATGGTAATTGTGTGYCAGCMGCCGCGGTAA
4,A7,515rcbc294,AATGATACGGCGACCACCGAGATCTACACGCT,CAGATCCCAACC,TATGGTAATT,GT,GTGYCAGCMGCCGCGGTAA,AATGATACGGCGACCACCGAGATCTACACGCTCAGATCCCAACCTATGGTAATTGTGTGYCAGCMGCCGCGGTAA
4,A8,515rcbc295,AATGATACGGCGACCACCGAGATCTACACGCT,GATAGCACTCGT,TATGGTAATT,GT,GTGYCAGCMGCCGCGGTAA,AATGATACGGCGACCACCGAGATCTACACGCTGATAGCACTCGTTATGGTAATTGTGTGYCAGCMGCCGCGGTAA
4,A9,515rcbc296,AATGATACGGCGACCACCGAGATCTACACGCT,GTAATTGTAATT,TATGGTAATT,GT,GTGYCAGCMGCCGCGGTAA,AATGATACGGCGACCACCGAGATCTACACGCTGTAATTGTAATTTATGGTAATTGTGTGYCAGCMGCCGCGGTAA
4,A10,515rcbc297,AATGATACGGCGACCACCGAGATCTACACGCT,TGCTACAGACGT,TATGGTAATT,GT,GTGYCAGCMGCCGCGGTAA,AATGATACGGCGACCACCGAGATCTACACGCTTGCTACAGACGTTATGGTAATTGTGTGYCAGCMGCCGCGGTAA
4,A11,515rcbc298,AATGATACGGCGACCACCGAGATCTACACGCT,AGGTGAGTTCTA,TATGGTAATT,GT,GTGYCAGCMGCCGCGGTAA,AATGATACGGCGACCACCGAGATCTACACGCTAGGTGAGTTCTATATGGTAATTGTGTGYCAGCMGCCGCGGTAA
4,A12,515rcbc299,AATGATACGGCGACCACCGAGATCTACACGCT,AACGATCATAGA,TATGGTAATT,GT,GTGYCAGCMGCCGCGGTAA,AATGATACGGCGACCACCGAGATCTACACGCTAACGATCATAGATATGGTAATTGTGTGYCAGCMGCCGCGGTAA
4,B1,515rcbc300,AATGATACGGCGACCACCGAGATCTACACGCT,GTTTGGCCACAC,TATGGTAATT,GT,GTGYCAGCMGCCGCGGTAA,AATGATACGGCGACCACCGAGATCTACACGCTGTTTGGCCACACTATGGTAATTGTGTGYCAGCMGCCGCGGTAA
4,B2,515rcbc301,AATGATACGGCGACCACCGAGATCTACACGCT,GTCCTACACAGC,TATGGTAATT,GT,GTGYCAGCMGCCGCGGTAA,AATGATACGGCGACCACCGAGATCTACACGCTGTCCTACACAGCTATGGTAATTGTGTGYCAGCMGCCGCGGTAA
4,B3,515rcbc302,AATGATACGGCGACCACCGAGATCTACACGCT,ATTTACAATTGA,TATGGTAATT,GT,GTGYCAGCMGCCGCGGTAA,AATGATACGGCGACCACCGAGATCTACACGCTATTTACAATTGATATGGTAATTGTGTGYCAGCMGCCGCGGTAA
4,B4,515rcbc303,AATGATACGGCGACCACCGAGATCTACACGCT,CCACTGCCCACC,TATGGTAATT,GT,GTGYCAGCMGCCGCGGTAA,AATGATACGGCGACCACCGAGATCTACACGCTCCACTGCCCACCTATGGTAATTGTGTGYCAGCMGCCGCGGTAA
4,B5,515rcbc304,AATGATACGGCGACCACCGAGATCTACACGCT,ATAGTTAGGGCT,TATGGTAATT,GT,GTGYCAGCMGCCGCGGTAA,AATGATACGGCGACCACCGAGATCTACACGCTATAGTTAGGGCTTATGGTAATTGTGTGYCAGCMGCCGCGGTAA
4,B6,515rcbc305,AATGATACGGCGACCACCGAGATCTACACGCT,GACCCGTTTCGC,TATGGTAATT,GT,GTGYCAGCMGCCGCGGTAA,AATGATACGGCGACCACCGAGATCTACACGCTGACCCGTTTCGCTATGGTAATTGTGTGYCAGCMGCCGCGGTAA
4,B7,515rcbc306,AATGATACGGCGACCACCGAGATCTACACGCT,TGACTGCGTTAG,TATGGTAATT,GT,GTGYCAGCMGCCGCGGTAA,AATGATACGGCGACCACCGAGATCTACACGCTTGACTGCGTTAGTATGGTAATTGTGTGYCAGCMGCCGCGGTAA
4,B8,515rcbc307,AATGATACGGCGACCACCGAGATCTACACGCT,ACGTTAATATTC,TATGGTAATT,GT,GTGYCAGCMGCCGCGGTAA,AATGATACGGCGACCACCGAGATCTACACGCTACGTTAATATTCTATGGTAATTGTGTGYCAGCMGCCGCGGTAA
4,B9,515rcbc308,AATGATACGGCGACCACCGAGATCTACACGCT,TCTAACGAGTGC,TATGGTAATT,GT,GTGYCAGCMGCCGCGGTAA,AATGATACGGCGACCACCGAGATCTACACGCTTCTAACGAGTGCTATGGTAATTGTGTGYCAGCMGCCGCGGTAA
4,B10,515rcbc309,AATGATACGGCGACCACCGAGATCTACACGCT,GATCCCACGTAC,TATGGTAATT,GT,GTGYCAGCMGCCGCGGTAA,AATGATACGGCGACCACCGAGATCTACACGCTGATCCCACGTACTATGGTAATTGTGTGYCAGCMGCCGCGGTAA
4,B11,515rcbc310,AATGATACGGCGACCACCGAGATCTACACGCT,CCGCCAGCTTTG,TATGGTAATT,GT,GTGYCAGCMGCCGCGGTAA,AATGATACGGCGACCACCGAGATCTACACGCTCCGCCAGCTTTGTATGGTAATTGTGTGYCAGCMGCCGCGGTAA
4,B12,515rcbc311,AATGATACGGCGACCACCGAGATCTACACGCT,TCATCTTGATTG,TATGGTAATT,GT,GTGYCAGCMGCCGCGGTAA,AATGATACGGCGACCACCGAGATCTACACGCTTCATCTTGATTGTATGGTAATTGTGTGYCAGCMGCCGCGGTAA
4,C1,515rcbc312,AATGATACGGCGACCACCGAGATCTACACGCT,TATATAGTATCC,TATGGTAATT,GT,GTGYCAGCMGCCGCGGTAA,AATGATACGGCGACCACCGAGATCTACACGCTTATATAGTATCCTATGGTAATTGTGTGYCAGCMGCCGCGGTAA
4,C2,515rcbc313,AATGATACGGCGACCACCGAGATCTACACGCT,ACTGTTTACTGT,TATGGTAATT,GT,GTGYCAGCMGCCGCGGTAA,AATGATACGGCGACCACCGAGATCTACACGCTACTGTTTACTGTTATGGTAATTGTGTGYCAGCMGCCGCGGTAA
4,C3,515rcbc314,AATGATACGGCGACCACCGAGATCTACACGCT,GTCACGGACATT,TATGGTAATT,GT,GTGYCAGCMGCCGCGGTAA,AATGATACGGCGACCACCGAGATCTACACGCTGTCACGGACATTTATGGTAATTGTGTGYCAGCMGCCGCGGTAA
4,C4,515rcbc315,AATGATACGGCGACCACCGAGATCTACACGCT,GAATATACCTGG,TATGGTAATT,GT,GTGYCAGCMGCCGCGGTAA,AATGATACGGCGACCACCGAGATCTACACGCTGAATATACCTGGTATGGTAATTGTGTGYCAGCMGCCGCGGTAA
4,C5,515rcbc316,AATGATACGGCGACCACCGAGATCTACACGCT,GAATCTGACAAC,TATGGTAATT,GT,GTGYCAGCMGCCGCGGTAA,AATGATACGGCGACCACCGAGATCTACACGCTGAATCTGACAACTATGGTAATTGTGTGYCAGCMGCCGCGGTAA
4,C6,515rcbc317,AATGATACGGCGACCACCGAGATCTACACGCT,ATTGCCTTGATT,TATGGTAATT,GT,GTGYCAGCMGCCGCGGTAA,AATGATACGGCGACCACCGAGATCTACACGCTATTGCCTTGATTTATGGTAATTGTGTGYCAGCMGCCGCGGTAA
4,C7,515rcbc318,AATGATACGGCGACCACCGAGATCTACACGCT,GAGCCCAAAGAG,TATGGTAATT,GT,GTGYCAGCMGCCGCGGTAA,AATGATACGGCGACCACCGAGATCTACACGCTGAGCCCAAAGAGTATGGTAATTGTGTGYCAGCMGCCGCGGTAA
4,C8,515rcbc319,AATGATACGGCGACCACCGAGATCTACACGCT,CCATGTGGCTCC,TATGGTAATT,GT,GTGYCAGCMGCCGCGGTAA,AATGATACGGCGACCACCGAGATCTACACGCTCCATGTGGCTCCTATGGTAATTGTGTGYCAGCMGCCGCGGTAA
4,C9,515rcbc320,AATGATACGGCGACCACCGAGATCTACACGCT,CGTTCCTTGTTA,TATGGTAATT,GT,GTGYCAGCMGCCGCGGTAA,AATGATACGGCGACCACCGAGATCTACACGCTCGTTCCTTGTTATATGGTAATTGTGTGYCAGCMGCCGCGGTAA
4,C10,515rcbc321,AATGATACGGCGACCACCGAGATCTACACGCT,CGCTAGGATGTT,TATGGTAATT,GT,GTGYCAGCMGCCGCGGTAA,AATGATACGGCGACCACCGAGATCTACACGCTCGCTAGGATGTTTATGGTAATTGTGTGYCAGCMGCCGCGGTAA
4,C11,515rcbc322,AATGATACGGCGACCACCGAGATCTACACGCT,AGCGGTAGCGGT,TATGGTAATT,GT,GTGYCAGCMGCCGCGGTAA,AATGATACGGCGACCACCGAGATCTACACGCTAGCGGTAGCGGTTATGGTAATTGTGTGYCAGCMGCCGCGGTAA
4,C12,515rcbc323,AATGATACGGCGACCACCGAGATCTACACGCT,GTCAGTATGGCT,TATGGTAATT,GT,GTGYCAGCMGCCGCGGTAA,AATGATACGGCGACCACCGAGATCTACACGCTGTCAGTATGGCTTATGGTAATTGTGTGYCAGCMGCCGCGGTAA
4,D1,515rcbc324,AATGATACGGCGACCACCGAGATCTACACGCT,CATAAGGGAGGC,TATGGTAATT,GT,GTGYCAGCMGCCGCGGTAA,AATGATACGGCGACCACCGAGATCTACACGCTCATAAGGGAGGCTATGGTAATTGTGTGYCAGCMGCCGCGGTAA
4,D2,515rcbc325,AATGATACGGCGACCACCGAGATCTACACGCT,CAGGCCACTCTC,TATGGTAATT,GT,GTGYCAGCMGCCGCGGTAA,AATGATACGGCGACCACCGAGATCTACACGCTCAGGCCACTCTCTATGGTAATTGTGTGYCAGCMGCCGCGGTAA
4,D3,515rcbc326,AATGATACGGCGACCACCGAGATCTACACGCT,ACAGTTGTACGC,TATGGTAATT,GT,GTGYCAGCMGCCGCGGTAA,AATGATACGGCGACCACCGAGATCTACACGCTACAGTTGTACGCTATGGTAATTGTGTGYCAGCMGCCGCGGTAA
4,D4,515rcbc327,AATGATACGGCGACCACCGAGATCTACACGCT,ACCAGAAATGTC,TATGGTAATT,GT,GTGYCAGCMGCCGCGGTAA,AATGATACGGCGACCACCGAGATCTACACGCTACCAGAAATGTCTATGGTAATTGTGTGYCAGCMGCCGCGGTAA
4,D5,515rcbc328,AATGATACGGCGACCACCGAGATCTACACGCT,CTCATCATGTTC,TATGGTAATT,GT,GTGYCAGCMGCCGCGGTAA,AATGATACGGCGACCACCGAGATCTACACGCTCTCATCATGTTCTATGGTAATTGTGTGYCAGCMGCCGCGGTAA
4,D6,515rcbc329,AATGATACGGCGACCACCGAGATCTACACGCT,TTAGGATTCTAT,TATGGTAATT,GT,GTGYCAGCMGCCGCGGTAA,AATGATACGGCGACCACCGAGATCTACACGCTTTAGGATTCTATTATGGTAATTGTGTGYCAGCMGCCGCGGTAA
4,D7,515rcbc330,AATGATACGGCGACCACCGAGATCTACACGCT,CAACGAACCATC,TATGGTAATT,GT,GTGYCAGCMGCCGCGGTAA,AATGATACGGCGACCACCGAGATCTACACGCTCAACGAACCATCTATGGTAATTGTGTGYCAGCMGCCGCGGTAA
4,D8,515rcbc331,AATGATACGGCGACCACCGAGATCTACACGCT,ACACGTTTGGGT,TATGGTAATT,GT,GTGYCAGCMGCCGCGGTAA,AATGATACGGCGACCACCGAGATCTACACGCTACACGTTTGGGTTATGGTAATTGTGTGYCAGCMGCCGCGGTAA
4,D9,515rcbc332,AATGATACGGCGACCACCGAGATCTACACGCT,CGTCGCAGCCTT,TATGGTAATT,GT,GTGYCAGCMGCCGCGGTAA,AATGATACGGCGACCACCGAGATCTACACGCTCGTCGCAGCCTTTATGGTAATTGTGTGYCAGCMGCCGCGGTAA
4,D10,515rcbc333,AATGATACGGCGACCACCGAGATCTACACGCT,CTACTTACATCC,TATGGTAATT,GT,GTGYCAGCMGCCGCGGTAA,AATGATACGGCGACCACCGAGATCTACACGCTCTACTTACATCCTATGGTAATTGTGTGYCAGCMGCCGCGGTAA
4,D11,515rcbc334,AATGATACGGCGACCACCGAGATCTACACGCT,CGCACGTACCTC,TATGGTAATT,GT,GTGYCAGCMGCCGCGGTAA,AATGATACGGCGACCACCGAGATCTACACGCTCGCACGTACCTCTATGGTAATTGTGTGYCAGCMGCCGCGGTAA
4,D12,515rcbc335,AATGATACGGCGACCACCGAGATCTACACGCT,GTCCTCGCGACT,TATGGTAATT,GT,GTGYCAGCMGCCGCGGTAA,AATGATACGGCGACCACCGAGATCTACACGCTGTCCTCGCGACTTATGGTAATTGTGTGYCAGCMGCCGCGGTAA
4,E1,515rcbc336,AATGATACGGCGACCACCGAGATCTACACGCT,GTGCAACCAATC,TATGGTAATT,GT,GTGYCAGCMGCCGCGGTAA,AATGATACGGCGACCACCGAGATCTACACGCTGTGCAACCAATCTATGGTAATTGTGTGYCAGCMGCCGCGGTAA
4,E2,515rcbc337,AATGATACGGCGACCACCGAGATCTACACGCT,ACCCAAGCGTTA,TATGGTAATT,GT,GTGYCAGCMGCCGCGGTAA,AATGATACGGCGACCACCGAGATCTACACGCTACCCAAGCGTTATATGGTAATTGTGTGYCAGCMGCCGCGGTAA
4,E3,515rcbc338,AATGATACGGCGACCACCGAGATCTACACGCT,ACTGGCAAACCT,TATGGTAATT,GT,GTGYCAGCMGCCGCGGTAA,AATGATACGGCGACCACCGAGATCTACACGCTACTGGCAAACCTTATGGTAATTGTGTGYCAGCMGCCGCGGTAA
4,E4,515rcbc339,AATGATACGGCGACCACCGAGATCTACACGCT,AACACCATCGAC,TATGGTAATT,GT,GTGYCAGCMGCCGCGGTAA,AATGATACGGCGACCACCGAGATCTACACGCTAACACCATCGACTATGGTAATTGTGTGYCAGCMGCCGCGGTAA
4,E5,515rcbc340,AATGATACGGCGACCACCGAGATCTACACGCT,TTATCCAGTCCT,TATGGTAATT,GT,GTGYCAGCMGCCGCGGTAA,AATGATACGGCGACCACCGAGATCTACACGCTTTATCCAGTCCTTATGGTAATTGTGTGYCAGCMGCCGCGGTAA
4,E6,515rcbc341,AATGATACGGCGACCACCGAGATCTACACGCT,GTTTATCTTAAG,TATGGTAATT,GT,GTGYCAGCMGCCGCGGTAA,AATGATACGGCGACCACCGAGATCTACACGCTGTTTATCTTAAGTATGGTAATTGTGTGYCAGCMGCCGCGGTAA
4,E7,515rcbc342,AATGATACGGCGACCACCGAGATCTACACGCT,GTTCGCCGCATC,TATGGTAATT,GT,GTGYCAGCMGCCGCGGTAA,AATGATACGGCGACCACCGAGATCTACACGCTGTTCGCCGCATCTATGGTAATTGTGTGYCAGCMGCCGCGGTAA
4,E8,515rcbc343,AATGATACGGCGACCACCGAGATCTACACGCT,AGACTATTTCAT,TATGGTAATT,GT,GTGYCAGCMGCCGCGGTAA,AATGATACGGCGACCACCGAGATCTACACGCTAGACTATTTCATTATGGTAATTGTGTGYCAGCMGCCGCGGTAA
4,E9,515rcbc344,AATGATACGGCGACCACCGAGATCTACACGCT,AGCGATTCCTCG,TATGGTAATT,GT,GTGYCAGCMGCCGCGGTAA,AATGATACGGCGACCACCGAGATCTACACGCTAGCGATTCCTCGTATGGTAATTGTGTGYCAGCMGCCGCGGTAA
4,E10,515rcbc345,AATGATACGGCGACCACCGAGATCTACACGCT,ACCACCGTAACC,TATGGTAATT,GT,GTGYCAGCMGCCGCGGTAA,AATGATACGGCGACCACCGAGATCTACACGCTACCACCGTAACCTATGGTAATTGTGTGYCAGCMGCCGCGGTAA
4,E11,515rcbc346,AATGATACGGCGACCACCGAGATCTACACGCT,AGGAAGTAACTT,TATGGTAATT,GT,GTGYCAGCMGCCGCGGTAA,AATGATACGGCGACCACCGAGATCTACACGCTAGGAAGTAACTTTATGGTAATTGTGTGYCAGCMGCCGCGGTAA
4,E12,515rcbc347,AATGATACGGCGACCACCGAGATCTACACGCT,CGTTCGCTAGCC,TATGGTAATT,GT,GTGYCAGCMGCCGCGGTAA,AATGATACGGCGACCACCGAGATCTACACGCTCGTTCGCTAGCCTATGGTAATTGTGTGYCAGCMGCCGCGGTAA
4,F1,515rcbc348,AATGATACGGCGACCACCGAGATCTACACGCT,CTCACCTAGGAA,TATGGTAATT,GT,GTGYCAGCMGCCGCGGTAA,AATGATACGGCGACCACCGAGATCTACACGCTCTCACCTAGGAATATGGTAATTGTGTGYCAGCMGCCGCGGTAA
4,F2,515rcbc349,AATGATACGGCGACCACCGAGATCTACACGCT,AGATGCAATGAT,TATGGTAATT,GT,GTGYCAGCMGCCGCGGTAA,AATGATACGGCGACCACCGAGATCTACACGCTAGATGCAATGATTATGGTAATTGTGTGYCAGCMGCCGCGGTAA
4,F3,515rcbc350,AATGATACGGCGACCACCGAGATCTACACGCT,GCATTCGGCGTT,TATGGTAATT,GT,GTGYCAGCMGCCGCGGTAA,AATGATACGGCGACCACCGAGATCTACACGCTGCATTCGGCGTTTATGGTAATTGTGTGYCAGCMGCCGCGGTAA
4,F4,515rcbc351,AATGATACGGCGACCACCGAGATCTACACGCT,TCTACATACATA,TATGGTAATT,GT,GTGYCAGCMGCCGCGGTAA,AATGATACGGCGACCACCGAGATCTACACGCTTCTACATACATATATGGTAATTGTGTGYCAGCMGCCGCGGTAA
4,F5,515rcbc352,AATGATACGGCGACCACCGAGATCTACACGCT,GAGTCTTGGTAA,TATGGTAATT,GT,GTGYCAGCMGCCGCGGTAA,AATGATACGGCGACCACCGAGATCTACACGCTGAGTCTTGGTAATATGGTAATTGTGTGYCAGCMGCCGCGGTAA
4,F6,515rcbc353,AATGATACGGCGACCACCGAGATCTACACGCT,CAGTCTAGTACG,TATGGTAATT,GT,GTGYCAGCMGCCGCGGTAA,AATGATACGGCGACCACCGAGATCTACACGCTCAGTCTAGTACGTATGGTAATTGTGTGYCAGCMGCCGCGGTAA
4,F7,515rcbc354,AATGATACGGCGACCACCGAGATCTACACGCT,GTTCGAGTGAAT,TATGGTAATT,GT,GTGYCAGCMGCCGCGGTAA,AATGATACGGCGACCACCGAGATCTACACGCTGTTCGAGTGAATTATGGTAATTGTGTGYCAGCMGCCGCGGTAA
4,F8,515rcbc355,AATGATACGGCGACCACCGAGATCTACACGCT,AGTCCGAGTTGT,TATGGTAATT,GT,GTGYCAGCMGCCGCGGTAA,AATGATACGGCGACCACCGAGATCTACACGCTAGTCCGAGTTGTTATGGTAATTGTGTGYCAGCMGCCGCGGTAA
4,F9,515rcbc356,AATGATACGGCGACCACCGAGATCTACACGCT,CGTGAGGACCAG,TATGGTAATT,GT,GTGYCAGCMGCCGCGGTAA,AATGATACGGCGACCACCGAGATCTACACGCTCGTGAGGACCAGTATGGTAATTGTGTGYCAGCMGCCGCGGTAA
4,F10,515rcbc357,AATGATACGGCGACCACCGAGATCTACACGCT,CGGTTGGCGGGT,TATGGTAATT,GT,GTGYCAGCMGCCGCGGTAA,AATGATACGGCGACCACCGAGATCTACACGCTCGGTTGGCGGGTTATGGTAATTGTGTGYCAGCMGCCGCGGTAA
4,F11,515rcbc358,AATGATACGGCGACCACCGAGATCTACACGCT,CGATTCCTTAAT,TATGGTAATT,GT,GTGYCAGCMGCCGCGGTAA,AATGATACGGCGACCACCGAGATCTACACGCTCGATTCCTTAATTATGGTAATTGTGTGYCAGCMGCCGCGGTAA
4,F12,515rcbc359,AATGATACGGCGACCACCGAGATCTACACGCT,TGCCTGCTCGAC,TATGGTAATT,GT,GTGYCAGCMGCCGCGGTAA,AATGATACGGCGACCACCGAGATCTACACGCTTGCCTGCTCGACTATGGTAATTGTGTGYCAGCMGCCGCGGTAA
4,G1,515rcbc360,AATGATACGGCGACCACCGAGATCTACACGCT,TACTGTACTGTT,TATGGTAATT,GT,GTGYCAGCMGCCGCGGTAA,AATGATACGGCGACCACCGAGATCTACACGCTTACTGTACTGTTTATGGTAATTGTGTGYCAGCMGCCGCGGTAA
4,G2,515rcbc361,AATGATACGGCGACCACCGAGATCTACACGCT,TCTCGCACTGGA,TATGGTAATT,GT,GTGYCAGCMGCCGCGGTAA,AATGATACGGCGACCACCGAGATCTACACGCTTCTCGCACTGGATATGGTAATTGTGTGYCAGCMGCCGCGGTAA
4,G3,515rcbc362,AATGATACGGCGACCACCGAGATCTACACGCT,ACCAGTGACTCA,TATGGTAATT,GT,GTGYCAGCMGCCGCGGTAA,AATGATACGGCGACCACCGAGATCTACACGCTACCAGTGACTCATATGGTAATTGTGTGYCAGCMGCCGCGGTAA
4,G4,515rcbc363,AATGATACGGCGACCACCGAGATCTACACGCT,TGGCGCACGGAC,TATGGTAATT,GT,GTGYCAGCMGCCGCGGTAA,AATGATACGGCGACCACCGAGATCTACACGCTTGGCGCACGGACTATGGTAATTGTGTGYCAGCMGCCGCGGTAA
4,G5,515rcbc364,AATGATACGGCGACCACCGAGATCTACACGCT,CATTTACATCAC,TATGGTAATT,GT,GTGYCAGCMGCCGCGGTAA,AATGATACGGCGACCACCGAGATCTACACGCTCATTTACATCACTATGGTAATTGTGTGYCAGCMGCCGCGGTAA
4,G6,515rcbc365,AATGATACGGCGACCACCGAGATCTACACGCT,GTGGGACTGCGC,TATGGTAATT,GT,GTGYCAGCMGCCGCGGTAA,AATGATACGGCGACCACCGAGATCTACACGCTGTGGGACTGCGCTATGGTAATTGTGTGYCAGCMGCCGCGGTAA
4,G7,515rcbc366,AATGATACGGCGACCACCGAGATCTACACGCT,CGGCCTAAGTTC,TATGGTAATT,GT,GTGYCAGCMGCCGCGGTAA,AATGATACGGCGACCACCGAGATCTACACGCTCGGCCTAAGTTCTATGGTAATTGTGTGYCAGCMGCCGCGGTAA
4,G8,515rcbc367,AATGATACGGCGACCACCGAGATCTACACGCT,GCTGAGCCTTTG,TATGGTAATT,GT,GTGYCAGCMGCCGCGGTAA,AATGATACGGCGACCACCGAGATCTACACGCTGCTGAGCCTTTGTATGGTAATTGTGTGYCAGCMGCCGCGGTAA
4,G9,515rcbc368,AATGATACGGCGACCACCGAGATCTACACGCT,AGAGACGCGTAG,TATGGTAATT,GT,GTGYCAGCMGCCGCGGTAA,AATGATACGGCGACCACCGAGATCTACACGCTAGAGACGCGTAGTATGGTAATTGTGTGYCAGCMGCCGCGGTAA
4,G10,515rcbc369,AATGATACGGCGACCACCGAGATCTACACGCT,CCACCGGGCCGA,TATGGTAATT,GT,GTGYCAGCMGCCGCGGTAA,AATGATACGGCGACCACCGAGATCTACACGCTCCACCGGGCCGATATGGTAATTGTGTGYCAGCMGCCGCGGTAA
4,G11,515rcbc370,AATGATACGGCGACCACCGAGATCTACACGCT,AATCCGGTCACC,TATGGTAATT,GT,GTGYCAGCMGCCGCGGTAA,AATGATACGGCGACCACCGAGATCTACACGCTAATCCGGTCACCTATGGTAATTGTGTGYCAGCMGCCGCGGTAA
4,G12,515rcbc371,AATGATACGGCGACCACCGAGATCTACACGCT,TCTTACCCATAA,TATGGTAATT,GT,GTGYCAGCMGCCGCGGTAA,AATGATACGGCGACCACCGAGATCTACACGCTTCTTACCCATAATATGGTAATTGTGTGYCAGCMGCCGCGGTAA
4,H1,515rcbc372,AATGATACGGCGACCACCGAGATCTACACGCT,CTAGAGCTCCCA,TATGGTAATT,GT,GTGYCAGCMGCCGCGGTAA,AATGATACGGCGACCACCGAGATCTACACGCTCTAGAGCTCCCATATGGTAATTGTGTGYCAGCMGCCGCGGTAA
4,H2,515rcbc373,AATGATACGGCGACCACCGAGATCTACACGCT,GGTCTTAGCACC,TATGGTAATT,GT,GTGYCAGCMGCCGCGGTAA,AATGATACGGCGACCACCGAGATCTACACGCTGGTCTTAGCACCTATGGTAATTGTGTGYCAGCMGCCGCGGTAA
4,H3,515rcbc374,AATGATACGGCGACCACCGAGATCTACACGCT,GCCTACTCTCGG,TATGGTAATT,GT,GTGYCAGCMGCCGCGGTAA,AATGATACGGCGACCACCGAGATCTACACGCTGCCTACTCTCGGTATGGTAATTGTGTGYCAGCMGCCGCGGTAA
4,H4,515rcbc375,AATGATACGGCGACCACCGAGATCTACACGCT,ACTGCCCGATAC,TATGGTAATT,GT,GTGYCAGCMGCCGCGGTAA,AATGATACGGCGACCACCGAGATCTACACGCTACTGCCCGATACTATGGTAATTGTGTGYCAGCMGCCGCGGTAA
4,H5,515rcbc376,AATGATACGGCGACCACCGAGATCTACACGCT,TTCTTAACGCCT,TATGGTAATT,GT,GTGYCAGCMGCCGCGGTAA,AATGATACGGCGACCACCGAGATCTACACGCTTTCTTAACGCCTTATGGTAATTGTGTGYCAGCMGCCGCGGTAA
4,H6,515rcbc377,AATGATACGGCGACCACCGAGATCTACACGCT,CTCCCGAGCTCC,TATGGTAATT,GT,GTGYCAGCMGCCGCGGTAA,AATGATACGGCGACCACCGAGATCTACACGCTCTCCCGAGCTCCTATGGTAATTGTGTGYCAGCMGCCGCGGTAA
4,H7,515rcbc378,AATGATACGGCGACCACCGAGATCTACACGCT,TAGACTTCAGAG,TATGGTAATT,GT,GTGYCAGCMGCCGCGGTAA,AATGATACGGCGACCACCGAGATCTACACGCTTAGACTTCAGAGTATGGTAATTGTGTGYCAGCMGCCGCGGTAA
4,H8,515rcbc379,AATGATACGGCGACCACCGAGATCTACACGCT,ACTTAGACTCTT,TATGGTAATT,GT,GTGYCAGCMGCCGCGGTAA,AATGATACGGCGACCACCGAGATCTACACGCTACTTAGACTCTTTATGGTAATTGTGTGYCAGCMGCCGCGGTAA
4,H9,515rcbc380,AATGATACGGCGACCACCGAGATCTACACGCT,GGACCTGGATGG,TATGGTAATT,GT,GTGYCAGCMGCCGCGGTAA,AATGATACGGCGACCACCGAGATCTACACGCTGGACCTGGATGGTATGGTAATTGTGTGYCAGCMGCCGCGGTAA
4,H10,515rcbc381,AATGATACGGCGACCACCGAGATCTACACGCT,TATGTGCCGGCT,TATGGTAATT,GT,GTGYCAGCMGCCGCGGTAA,AATGATACGGCGACCACCGAGATCTACACGCTTATGTGCCGGCTTATGGTAATTGTGTGYCAGCMGCCGCGGTAA
4,H11,515rcbc382,AATGATACGGCGACCACCGAGATCTACACGCT,ATACCGTCTTTC,TATGGTAATT,GT,GTGYCAGCMGCCGCGGTAA,AATGATACGGCGACCACCGAGATCTACACGCTATACCGTCTTTCTATGGTAATTGTGTGYCAGCMGCCGCGGTAA
4,H12,515rcbc383,AATGATACGGCGACCACCGAGATCTACACGCT,TGTGCTTGTAGG,TATGGTAATT,GT,GTGYCAGCMGCCGCGGTAA,AATGATACGGCGACCACCGAGATCTACACGCTTGTGCTTGTAGGTATGGTAATTGTGTGYCAGCMGCCGCGGTAA
,,,,,,,,
5,A1,515rcbc384,AATGATACGGCGACCACCGAGATCTACACGCT,ATGTTAGGGAAT,TATGGTAATT,GT,GTGYCAGCMGCCGCGGTAA,AATGATACGGCGACCACCGAGATCTACACGCTATGTTAGGGAATTATGGTAATTGTGTGYCAGCMGCCGCGGTAA
5,A2,515rcbc385,AATGATACGGCGACCACCGAGATCTACACGCT,GCTAGTTATGGA,TATGGTAATT,GT,GTGYCAGCMGCCGCGGTAA,AATGATACGGCGACCACCGAGATCTACACGCTGCTAGTTATGGATATGGTAATTGTGTGYCAGCMGCCGCGGTAA
5,A3,515rcbc386,AATGATACGGCGACCACCGAGATCTACACGCT,TCATCCGTCGGC,TATGGTAATT,GT,GTGYCAGCMGCCGCGGTAA,AATGATACGGCGACCACCGAGATCTACACGCTTCATCCGTCGGCTATGGTAATTGTGTGYCAGCMGCCGCGGTAA
5,A4,515rcbc387,AATGATACGGCGACCACCGAGATCTACACGCT,ATTTGGCTCTTA,TATGGTAATT,GT,GTGYCAGCMGCCGCGGTAA,AATGATACGGCGACCACCGAGATCTACACGCTATTTGGCTCTTATATGGTAATTGTGTGYCAGCMGCCGCGGTAA
5,A5,515rcbc388,AATGATACGGCGACCACCGAGATCTACACGCT,GATCCGGCAGGA,TATGGTAATT,GT,GTGYCAGCMGCCGCGGTAA,AATGATACGGCGACCACCGAGATCTACACGCTGATCCGGCAGGATATGGTAATTGTGTGYCAGCMGCCGCGGTAA
5,A6,515rcbc389,AATGATACGGCGACCACCGAGATCTACACGCT,GTTAAGCTGACC,TATGGTAATT,GT,GTGYCAGCMGCCGCGGTAA,AATGATACGGCGACCACCGAGATCTACACGCTGTTAAGCTGACCTATGGTAATTGTGTGYCAGCMGCCGCGGTAA
5,A7,515rcbc390,AATGATACGGCGACCACCGAGATCTACACGCT,CCTATTGCGGCC,TATGGTAATT,GT,GTGYCAGCMGCCGCGGTAA,AATGATACGGCGACCACCGAGATCTACACGCTCCTATTGCGGCCTATGGTAATTGTGTGYCAGCMGCCGCGGTAA
5,A8,515rcbc391,AATGATACGGCGACCACCGAGATCTACACGCT,CAATAGAATAAG,TATGGTAATT,GT,GTGYCAGCMGCCGCGGTAA,AATGATACGGCGACCACCGAGATCTACACGCTCAATAGAATAAGTATGGTAATTGTGTGYCAGCMGCCGCGGTAA
5,A9,515rcbc392,AATGATACGGCGACCACCGAGATCTACACGCT,ACATAGCGGTTC,TATGGTAATT,GT,GTGYCAGCMGCCGCGGTAA,AATGATACGGCGACCACCGAGATCTACACGCTACATAGCGGTTCTATGGTAATTGTGTGYCAGCMGCCGCGGTAA
5,A10,515rcbc393,AATGATACGGCGACCACCGAGATCTACACGCT,GCGTGGTCATTA,TATGGTAATT,GT,GTGYCAGCMGCCGCGGTAA,AATGATACGGCGACCACCGAGATCTACACGCTGCGTGGTCATTATATGGTAATTGTGTGYCAGCMGCCGCGGTAA
5,A11,515rcbc394,AATGATACGGCGACCACCGAGATCTACACGCT,GATTCTTTAGAT,TATGGTAATT,GT,GTGYCAGCMGCCGCGGTAA,AATGATACGGCGACCACCGAGATCTACACGCTGATTCTTTAGATTATGGTAATTGTGTGYCAGCMGCCGCGGTAA
5,A12,515rcbc395,AATGATACGGCGACCACCGAGATCTACACGCT,CGGATCTAGTGT,TATGGTAATT,GT,GTGYCAGCMGCCGCGGTAA,AATGATACGGCGACCACCGAGATCTACACGCTCGGATCTAGTGTTATGGTAATTGTGTGYCAGCMGCCGCGGTAA
5,B1,515rcbc396,AATGATACGGCGACCACCGAGATCTACACGCT,AAGTGGCTATCC,TATGGTAATT,GT,GTGYCAGCMGCCGCGGTAA,AATGATACGGCGACCACCGAGATCTACACGCTAAGTGGCTATCCTATGGTAATTGTGTGYCAGCMGCCGCGGTAA
5,B2,515rcbc397,AATGATACGGCGACCACCGAGATCTACACGCT,ACTAGTTGGACC,TATGGTAATT,GT,GTGYCAGCMGCCGCGGTAA,AATGATACGGCGACCACCGAGATCTACACGCTACTAGTTGGACCTATGGTAATTGTGTGYCAGCMGCCGCGGTAA
5,B3,515rcbc398,AATGATACGGCGACCACCGAGATCTACACGCT,GGCTTCGGAGCG,TATGGTAATT,GT,GTGYCAGCMGCCGCGGTAA,AATGATACGGCGACCACCGAGATCTACACGCTGGCTTCGGAGCGTATGGTAATTGTGTGYCAGCMGCCGCGGTAA
5,B4,515rcbc399,AATGATACGGCGACCACCGAGATCTACACGCT,CGCGTCAAACTA,TATGGTAATT,GT,GTGYCAGCMGCCGCGGTAA,AATGATACGGCGACCACCGAGATCTACACGCTCGCGTCAAACTATATGGTAATTGTGTGYCAGCMGCCGCGGTAA
5,B5,515rcbc400,AATGATACGGCGACCACCGAGATCTACACGCT,CTTCCAACTCAT,TATGGTAATT,GT,GTGYCAGCMGCCGCGGTAA,AATGATACGGCGACCACCGAGATCTACACGCTCTTCCAACTCATTATGGTAATTGTGTGYCAGCMGCCGCGGTAA
5,B6,515rcbc401,AATGATACGGCGACCACCGAGATCTACACGCT,GCCTAGCCCAAT,TATGGTAATT,GT,GTGYCAGCMGCCGCGGTAA,AATGATACGGCGACCACCGAGATCTACACGCTGCCTAGCCCAATTATGGTAATTGTGTGYCAGCMGCCGCGGTAA
5,B7,515rcbc402,AATGATACGGCGACCACCGAGATCTACACGCT,GTTAGGGAGCGA,TATGGTAATT,GT,GTGYCAGCMGCCGCGGTAA,AATGATACGGCGACCACCGAGATCTACACGCTGTTAGGGAGCGATATGGTAATTGTGTGYCAGCMGCCGCGGTAA
5,B8,515rcbc403,AATGATACGGCGACCACCGAGATCTACACGCT,TATACCGCTGCG,TATGGTAATT,GT,GTGYCAGCMGCCGCGGTAA,AATGATACGGCGACCACCGAGATCTACACGCTTATACCGCTGCGTATGGTAATTGTGTGYCAGCMGCCGCGGTAA
5,B9,515rcbc404,AATGATACGGCGACCACCGAGATCTACACGCT,CTTACACTGCTT,TATGGTAATT,GT,GTGYCAGCMGCCGCGGTAA,AATGATACGGCGACCACCGAGATCTACACGCTCTTACACTGCTTTATGGTAATTGTGTGYCAGCMGCCGCGGTAA
5,B10,515rcbc405,AATGATACGGCGACCACCGAGATCTACACGCT,CCTGCACCTGCA,TATGGTAATT,GT,GTGYCAGCMGCCGCGGTAA,AATGATACGGCGACCACCGAGATCTACACGCTCCTGCACCTGCATATGGTAATTGTGTGYCAGCMGCCGCGGTAA
5,B11,515rcbc406,AATGATACGGCGACCACCGAGATCTACACGCT,AGGACAAACTAT,TATGGTAATT,GT,GTGYCAGCMGCCGCGGTAA,AATGATACGGCGACCACCGAGATCTACACGCTAGGACAAACTATTATGGTAATTGTGTGYCAGCMGCCGCGGTAA
5,B12,515rcbc407,AATGATACGGCGACCACCGAGATCTACACGCT,ATAACGGTGTAC,TATGGTAATT,GT,GTGYCAGCMGCCGCGGTAA,AATGATACGGCGACCACCGAGATCTACACGCTATAACGGTGTACTATGGTAATTGTGTGYCAGCMGCCGCGGTAA
5,C1,515rcbc408,AATGATACGGCGACCACCGAGATCTACACGCT,GTCGTTACCCGC,TATGGTAATT,GT,GTGYCAGCMGCCGCGGTAA,AATGATACGGCGACCACCGAGATCTACACGCTGTCGTTACCCGCTATGGTAATTGTGTGYCAGCMGCCGCGGTAA
5,C2,515rcbc409,AATGATACGGCGACCACCGAGATCTACACGCT,CGCAAGCCCGCG,TATGGTAATT,GT,GTGYCAGCMGCCGCGGTAA,AATGATACGGCGACCACCGAGATCTACACGCTCGCAAGCCCGCGTATGGTAATTGTGTGYCAGCMGCCGCGGTAA
5,C3,515rcbc410,AATGATACGGCGACCACCGAGATCTACACGCT,CGGTCAATTGAC,TATGGTAATT,GT,GTGYCAGCMGCCGCGGTAA,AATGATACGGCGACCACCGAGATCTACACGCTCGGTCAATTGACTATGGTAATTGTGTGYCAGCMGCCGCGGTAA
5,C4,515rcbc411,AATGATACGGCGACCACCGAGATCTACACGCT,ATGTTCCTCATC,TATGGTAATT,GT,GTGYCAGCMGCCGCGGTAA,AATGATACGGCGACCACCGAGATCTACACGCTATGTTCCTCATCTATGGTAATTGTGTGYCAGCMGCCGCGGTAA
5,C5,515rcbc412,AATGATACGGCGACCACCGAGATCTACACGCT,CGACCTCGCATA,TATGGTAATT,GT,GTGYCAGCMGCCGCGGTAA,AATGATACGGCGACCACCGAGATCTACACGCTCGACCTCGCATATATGGTAATTGTGTGYCAGCMGCCGCGGTAA
5,C6,515rcbc413,AATGATACGGCGACCACCGAGATCTACACGCT,CATTCGTGGCGT,TATGGTAATT,GT,GTGYCAGCMGCCGCGGTAA,AATGATACGGCGACCACCGAGATCTACACGCTCATTCGTGGCGTTATGGTAATTGTGTGYCAGCMGCCGCGGTAA
5,C7,515rcbc414,AATGATACGGCGACCACCGAGATCTACACGCT,AGTACGCAGTCT,TATGGTAATT,GT,GTGYCAGCMGCCGCGGTAA,AATGATACGGCGACCACCGAGATCTACACGCTAGTACGCAGTCTTATGGTAATTGTGTGYCAGCMGCCGCGGTAA
5,C8,515rcbc415,AATGATACGGCGACCACCGAGATCTACACGCT,CAGTGCACGTCT,TATGGTAATT,GT,GTGYCAGCMGCCGCGGTAA,AATGATACGGCGACCACCGAGATCTACACGCTCAGTGCACGTCTTATGGTAATTGTGTGYCAGCMGCCGCGGTAA
5,C9,515rcbc416,AATGATACGGCGACCACCGAGATCTACACGCT,ACTCACAGGAAT,TATGGTAATT,GT,GTGYCAGCMGCCGCGGTAA,AATGATACGGCGACCACCGAGATCTACACGCTACTCACAGGAATTATGGTAATTGTGTGYCAGCMGCCGCGGTAA
5,C10,515rcbc417,AATGATACGGCGACCACCGAGATCTACACGCT,TGGTGTTTATAT,TATGGTAATT,GT,GTGYCAGCMGCCGCGGTAA,AATGATACGGCGACCACCGAGATCTACACGCTTGGTGTTTATATTATGGTAATTGTGTGYCAGCMGCCGCGGTAA
5,C11,515rcbc418,AATGATACGGCGACCACCGAGATCTACACGCT,TCTTCCTAAAGT,TATGGTAATT,GT,GTGYCAGCMGCCGCGGTAA,AATGATACGGCGACCACCGAGATCTACACGCTTCTTCCTAAAGTTATGGTAATTGTGTGYCAGCMGCCGCGGTAA
5,C12,515rcbc419,AATGATACGGCGACCACCGAGATCTACACGCT,GCCCTTCCCGTG,TATGGTAATT,GT,GTGYCAGCMGCCGCGGTAA,AATGATACGGCGACCACCGAGATCTACACGCTGCCCTTCCCGTGTATGGTAATTGTGTGYCAGCMGCCGCGGTAA
5,D1,515rcbc420,AATGATACGGCGACCACCGAGATCTACACGCT,AGTATATGTTTC,TATGGTAATT,GT,GTGYCAGCMGCCGCGGTAA,AATGATACGGCGACCACCGAGATCTACACGCTAGTATATGTTTCTATGGTAATTGTGTGYCAGCMGCCGCGGTAA
5,D2,515rcbc421,AATGATACGGCGACCACCGAGATCTACACGCT,AGAGCGGAACAA,TATGGTAATT,GT,GTGYCAGCMGCCGCGGTAA,AATGATACGGCGACCACCGAGATCTACACGCTAGAGCGGAACAATATGGTAATTGTGTGYCAGCMGCCGCGGTAA
5,D3,515rcbc422,AATGATACGGCGACCACCGAGATCTACACGCT,TCCGCTGCTGAC,TATGGTAATT,GT,GTGYCAGCMGCCGCGGTAA,AATGATACGGCGACCACCGAGATCTACACGCTTCCGCTGCTGACTATGGTAATTGTGTGYCAGCMGCCGCGGTAA
5,D4,515rcbc423,AATGATACGGCGACCACCGAGATCTACACGCT,TCCGTGGTATAG,TATGGTAATT,GT,GTGYCAGCMGCCGCGGTAA,AATGATACGGCGACCACCGAGATCTACACGCTTCCGTGGTATAGTATGGTAATTGTGTGYCAGCMGCCGCGGTAA
5,D5,515rcbc424,AATGATACGGCGACCACCGAGATCTACACGCT,GTCAGAGTATTG,TATGGTAATT,GT,GTGYCAGCMGCCGCGGTAA,AATGATACGGCGACCACCGAGATCTACACGCTGTCAGAGTATTGTATGGTAATTGTGTGYCAGCMGCCGCGGTAA
5,D6,515rcbc425,AATGATACGGCGACCACCGAGATCTACACGCT,GCGGTCGGTCAG,TATGGTAATT,GT,GTGYCAGCMGCCGCGGTAA,AATGATACGGCGACCACCGAGATCTACACGCTGCGGTCGGTCAGTATGGTAATTGTGTGYCAGCMGCCGCGGTAA
5,D7,515rcbc426,AATGATACGGCGACCACCGAGATCTACACGCT,TATCCTGGTTTC,TATGGTAATT,GT,GTGYCAGCMGCCGCGGTAA,AATGATACGGCGACCACCGAGATCTACACGCTTATCCTGGTTTCTATGGTAATTGTGTGYCAGCMGCCGCGGTAA
5,D8,515rcbc427,AATGATACGGCGACCACCGAGATCTACACGCT,CTGGTGCTGAAT,TATGGTAATT,GT,GTGYCAGCMGCCGCGGTAA,AATGATACGGCGACCACCGAGATCTACACGCTCTGGTGCTGAATTATGGTAATTGTGTGYCAGCMGCCGCGGTAA
5,D9,515rcbc428,AATGATACGGCGACCACCGAGATCTACACGCT,GTTGAAGCACCT,TATGGTAATT,GT,GTGYCAGCMGCCGCGGTAA,AATGATACGGCGACCACCGAGATCTACACGCTGTTGAAGCACCTTATGGTAATTGTGTGYCAGCMGCCGCGGTAA
5,D10,515rcbc429,AATGATACGGCGACCACCGAGATCTACACGCT,GTGCGGTTCACT,TATGGTAATT,GT,GTGYCAGCMGCCGCGGTAA,AATGATACGGCGACCACCGAGATCTACACGCTGTGCGGTTCACTTATGGTAATTGTGTGYCAGCMGCCGCGGTAA
5,D11,515rcbc430,AATGATACGGCGACCACCGAGATCTACACGCT,CTTGTGCGACAA,TATGGTAATT,GT,GTGYCAGCMGCCGCGGTAA,AATGATACGGCGACCACCGAGATCTACACGCTCTTGTGCGACAATATGGTAATTGTGTGYCAGCMGCCGCGGTAA
5,D12,515rcbc431,AATGATACGGCGACCACCGAGATCTACACGCT,CACAGTTGAAGT,TATGGTAATT,GT,GTGYCAGCMGCCGCGGTAA,AATGATACGGCGACCACCGAGATCTACACGCTCACAGTTGAAGTTATGGTAATTGTGTGYCAGCMGCCGCGGTAA
5,E1,515rcbc432,AATGATACGGCGACCACCGAGATCTACACGCT,GGCTCGTCGGAG,TATGGTAATT,GT,GTGYCAGCMGCCGCGGTAA,AATGATACGGCGACCACCGAGATCTACACGCTGGCTCGTCGGAGTATGGTAATTGTGTGYCAGCMGCCGCGGTAA
5,E2,515rcbc433,AATGATACGGCGACCACCGAGATCTACACGCT,ACATGGGCGGAA,TATGGTAATT,GT,GTGYCAGCMGCCGCGGTAA,AATGATACGGCGACCACCGAGATCTACACGCTACATGGGCGGAATATGGTAATTGTGTGYCAGCMGCCGCGGTAA
5,E3,515rcbc434,AATGATACGGCGACCACCGAGATCTACACGCT,TGCGCGCCTTCC,TATGGTAATT,GT,GTGYCAGCMGCCGCGGTAA,AATGATACGGCGACCACCGAGATCTACACGCTTGCGCGCCTTCCTATGGTAATTGTGTGYCAGCMGCCGCGGTAA
5,E4,515rcbc435,AATGATACGGCGACCACCGAGATCTACACGCT,GTTGGTTGGCAT,TATGGTAATT,GT,GTGYCAGCMGCCGCGGTAA,AATGATACGGCGACCACCGAGATCTACACGCTGTTGGTTGGCATTATGGTAATTGTGTGYCAGCMGCCGCGGTAA
5,E5,515rcbc436,AATGATACGGCGACCACCGAGATCTACACGCT,GAACGATCATGT,TATGGTAATT,GT,GTGYCAGCMGCCGCGGTAA,AATGATACGGCGACCACCGAGATCTACACGCTGAACGATCATGTTATGGTAATTGTGTGYCAGCMGCCGCGGTAA
5,E6,515rcbc437,AATGATACGGCGACCACCGAGATCTACACGCT,TCAGTCAGATGA,TATGGTAATT,GT,GTGYCAGCMGCCGCGGTAA,AATGATACGGCGACCACCGAGATCTACACGCTTCAGTCAGATGATATGGTAATTGTGTGYCAGCMGCCGCGGTAA
5,E7,515rcbc438,AATGATACGGCGACCACCGAGATCTACACGCT,CTGGTCTTACGG,TATGGTAATT,GT,GTGYCAGCMGCCGCGGTAA,AATGATACGGCGACCACCGAGATCTACACGCTCTGGTCTTACGGTATGGTAATTGTGTGYCAGCMGCCGCGGTAA
5,E8,515rcbc439,AATGATACGGCGACCACCGAGATCTACACGCT,ACAAAGGTATCA,TATGGTAATT,GT,GTGYCAGCMGCCGCGGTAA,AATGATACGGCGACCACCGAGATCTACACGCTACAAAGGTATCATATGGTAATTGTGTGYCAGCMGCCGCGGTAA
5,E9,515rcbc440,AATGATACGGCGACCACCGAGATCTACACGCT,GTAAACGACTTG,TATGGTAATT,GT,GTGYCAGCMGCCGCGGTAA,AATGATACGGCGACCACCGAGATCTACACGCTGTAAACGACTTGTATGGTAATTGTGTGYCAGCMGCCGCGGTAA
5,E10,515rcbc441,AATGATACGGCGACCACCGAGATCTACACGCT,TAGCGCGAACTT,TATGGTAATT,GT,GTGYCAGCMGCCGCGGTAA,AATGATACGGCGACCACCGAGATCTACACGCTTAGCGCGAACTTTATGGTAATTGTGTGYCAGCMGCCGCGGTAA
5,E11,515rcbc442,AATGATACGGCGACCACCGAGATCTACACGCT,GCGCTTAGAATA,TATGGTAATT,GT,GTGYCAGCMGCCGCGGTAA,AATGATACGGCGACCACCGAGATCTACACGCTGCGCTTAGAATATATGGTAATTGTGTGYCAGCMGCCGCGGTAA
5,E12,515rcbc443,AATGATACGGCGACCACCGAGATCTACACGCT,GCAAAGGCCCGC,TATGGTAATT,GT,GTGYCAGCMGCCGCGGTAA,AATGATACGGCGACCACCGAGATCTACACGCTGCAAAGGCCCGCTATGGTAATTGTGTGYCAGCMGCCGCGGTAA
5,F1,515rcbc444,AATGATACGGCGACCACCGAGATCTACACGCT,GACATCTGACAC,TATGGTAATT,GT,GTGYCAGCMGCCGCGGTAA,AATGATACGGCGACCACCGAGATCTACACGCTGACATCTGACACTATGGTAATTGTGTGYCAGCMGCCGCGGTAA
5,F2,515rcbc445,AATGATACGGCGACCACCGAGATCTACACGCT,CTGCGGATATAC,TATGGTAATT,GT,GTGYCAGCMGCCGCGGTAA,AATGATACGGCGACCACCGAGATCTACACGCTCTGCGGATATACTATGGTAATTGTGTGYCAGCMGCCGCGGTAA
5,F3,515rcbc446,AATGATACGGCGACCACCGAGATCTACACGCT,GCGCACACCTTC,TATGGTAATT,GT,GTGYCAGCMGCCGCGGTAA,AATGATACGGCGACCACCGAGATCTACACGCTGCGCACACCTTCTATGGTAATTGTGTGYCAGCMGCCGCGGTAA
5,F4,515rcbc447,AATGATACGGCGACCACCGAGATCTACACGCT,AACGGGCGACGT,TATGGTAATT,GT,GTGYCAGCMGCCGCGGTAA,AATGATACGGCGACCACCGAGATCTACACGCTAACGGGCGACGTTATGGTAATTGTGTGYCAGCMGCCGCGGTAA
5,F5,515rcbc448,AATGATACGGCGACCACCGAGATCTACACGCT,CTCCACATTCCT,TATGGTAATT,GT,GTGYCAGCMGCCGCGGTAA,AATGATACGGCGACCACCGAGATCTACACGCTCTCCACATTCCTTATGGTAATTGTGTGYCAGCMGCCGCGGTAA
5,F6,515rcbc449,AATGATACGGCGACCACCGAGATCTACACGCT,CGAACGTCTATG,TATGGTAATT,GT,GTGYCAGCMGCCGCGGTAA,AATGATACGGCGACCACCGAGATCTACACGCTCGAACGTCTATGTATGGTAATTGTGTGYCAGCMGCCGCGGTAA
5,F7,515rcbc450,AATGATACGGCGACCACCGAGATCTACACGCT,ATGCCGGTAATA,TATGGTAATT,GT,GTGYCAGCMGCCGCGGTAA,AATGATACGGCGACCACCGAGATCTACACGCTATGCCGGTAATATATGGTAATTGTGTGYCAGCMGCCGCGGTAA
5,F8,515rcbc451,AATGATACGGCGACCACCGAGATCTACACGCT,TGAACCCTATGG,TATGGTAATT,GT,GTGYCAGCMGCCGCGGTAA,AATGATACGGCGACCACCGAGATCTACACGCTTGAACCCTATGGTATGGTAATTGTGTGYCAGCMGCCGCGGTAA
5,F9,515rcbc452,AATGATACGGCGACCACCGAGATCTACACGCT,TTGGACGTCCAC,TATGGTAATT,GT,GTGYCAGCMGCCGCGGTAA,AATGATACGGCGACCACCGAGATCTACACGCTTTGGACGTCCACTATGGTAATTGTGTGYCAGCMGCCGCGGTAA
5,F10,515rcbc453,AATGATACGGCGACCACCGAGATCTACACGCT,ATGTAGGCTTAG,TATGGTAATT,GT,GTGYCAGCMGCCGCGGTAA,AATGATACGGCGACCACCGAGATCTACACGCTATGTAGGCTTAGTATGGTAATTGTGTGYCAGCMGCCGCGGTAA
5,F11,515rcbc454,AATGATACGGCGACCACCGAGATCTACACGCT,AGAGGAGTCGAC,TATGGTAATT,GT,GTGYCAGCMGCCGCGGTAA,AATGATACGGCGACCACCGAGATCTACACGCTAGAGGAGTCGACTATGGTAATTGTGTGYCAGCMGCCGCGGTAA
5,F12,515rcbc455,AATGATACGGCGACCACCGAGATCTACACGCT,CTCCCACTAGAG,TATGGTAATT,GT,GTGYCAGCMGCCGCGGTAA,AATGATACGGCGACCACCGAGATCTACACGCTCTCCCACTAGAGTATGGTAATTGTGTGYCAGCMGCCGCGGTAA
5,G1,515rcbc456,AATGATACGGCGACCACCGAGATCTACACGCT,AATTTCCTAACA,TATGGTAATT,GT,GTGYCAGCMGCCGCGGTAA,AATGATACGGCGACCACCGAGATCTACACGCTAATTTCCTAACATATGGTAATTGTGTGYCAGCMGCCGCGGTAA
5,G2,515rcbc457,AATGATACGGCGACCACCGAGATCTACACGCT,GTGAGGGCAAGT,TATGGTAATT,GT,GTGYCAGCMGCCGCGGTAA,AATGATACGGCGACCACCGAGATCTACACGCTGTGAGGGCAAGTTATGGTAATTGTGTGYCAGCMGCCGCGGTAA
5,G3,515rcbc458,AATGATACGGCGACCACCGAGATCTACACGCT,CACGAAAGCAGG,TATGGTAATT,GT,GTGYCAGCMGCCGCGGTAA,AATGATACGGCGACCACCGAGATCTACACGCTCACGAAAGCAGGTATGGTAATTGTGTGYCAGCMGCCGCGGTAA
5,G4,515rcbc459,AATGATACGGCGACCACCGAGATCTACACGCT,TACTGAGCCTCG,TATGGTAATT,GT,GTGYCAGCMGCCGCGGTAA,AATGATACGGCGACCACCGAGATCTACACGCTTACTGAGCCTCGTATGGTAATTGTGTGYCAGCMGCCGCGGTAA
5,G5,515rcbc460,AATGATACGGCGACCACCGAGATCTACACGCT,TCTTCGCAGCAG,TATGGTAATT,GT,GTGYCAGCMGCCGCGGTAA,AATGATACGGCGACCACCGAGATCTACACGCTTCTTCGCAGCAGTATGGTAATTGTGTGYCAGCMGCCGCGGTAA
5,G6,515rcbc461,AATGATACGGCGACCACCGAGATCTACACGCT,CAGTCCCTGCAC,TATGGTAATT,GT,GTGYCAGCMGCCGCGGTAA,AATGATACGGCGACCACCGAGATCTACACGCTCAGTCCCTGCACTATGGTAATTGTGTGYCAGCMGCCGCGGTAA
5,G7,515rcbc462,AATGATACGGCGACCACCGAGATCTACACGCT,ATCAAGATACGC,TATGGTAATT,GT,GTGYCAGCMGCCGCGGTAA,AATGATACGGCGACCACCGAGATCTACACGCTATCAAGATACGCTATGGTAATTGTGTGYCAGCMGCCGCGGTAA
5,G8,515rcbc463,AATGATACGGCGACCACCGAGATCTACACGCT,AATAAGCAATAG,TATGGTAATT,GT,GTGYCAGCMGCCGCGGTAA,AATGATACGGCGACCACCGAGATCTACACGCTAATAAGCAATAGTATGGTAATTGTGTGYCAGCMGCCGCGGTAA
5,G9,515rcbc464,AATGATACGGCGACCACCGAGATCTACACGCT,GCACGCGAGCAC,TATGGTAATT,GT,GTGYCAGCMGCCGCGGTAA,AATGATACGGCGACCACCGAGATCTACACGCTGCACGCGAGCACTATGGTAATTGTGTGYCAGCMGCCGCGGTAA
5,G10,515rcbc465,AATGATACGGCGACCACCGAGATCTACACGCT,GCATTACTGGAC,TATGGTAATT,GT,GTGYCAGCMGCCGCGGTAA,AATGATACGGCGACCACCGAGATCTACACGCTGCATTACTGGACTATGGTAATTGTGTGYCAGCMGCCGCGGTAA
5,G11,515rcbc466,AATGATACGGCGACCACCGAGATCTACACGCT,GTCTCCTCCCTT,TATGGTAATT,GT,GTGYCAGCMGCCGCGGTAA,AATGATACGGCGACCACCGAGATCTACACGCTGTCTCCTCCCTTTATGGTAATTGTGTGYCAGCMGCCGCGGTAA
5,G12,515rcbc467,AATGATACGGCGACCACCGAGATCTACACGCT,AATAGATGCTGA,TATGGTAATT,GT,GTGYCAGCMGCCGCGGTAA,AATGATACGGCGACCACCGAGATCTACACGCTAATAGATGCTGATATGGTAATTGTGTGYCAGCMGCCGCGGTAA
5,H1,515rcbc468,AATGATACGGCGACCACCGAGATCTACACGCT,ATAAACGGACAT,TATGGTAATT,GT,GTGYCAGCMGCCGCGGTAA,AATGATACGGCGACCACCGAGATCTACACGCTATAAACGGACATTATGGTAATTGTGTGYCAGCMGCCGCGGTAA
5,H2,515rcbc469,AATGATACGGCGACCACCGAGATCTACACGCT,ATATTGGCAGCC,TATGGTAATT,GT,GTGYCAGCMGCCGCGGTAA,AATGATACGGCGACCACCGAGATCTACACGCTATATTGGCAGCCTATGGTAATTGTGTGYCAGCMGCCGCGGTAA
5,H3,515rcbc470,AATGATACGGCGACCACCGAGATCTACACGCT,CGTGGCTTTCCG,TATGGTAATT,GT,GTGYCAGCMGCCGCGGTAA,AATGATACGGCGACCACCGAGATCTACACGCTCGTGGCTTTCCGTATGGTAATTGTGTGYCAGCMGCCGCGGTAA
5,H4,515rcbc471,AATGATACGGCGACCACCGAGATCTACACGCT,GGTGCAGACAGA,TATGGTAATT,GT,GTGYCAGCMGCCGCGGTAA,AATGATACGGCGACCACCGAGATCTACACGCTGGTGCAGACAGATATGGTAATTGTGTGYCAGCMGCCGCGGTAA
5,H5,515rcbc472,AATGATACGGCGACCACCGAGATCTACACGCT,CACGCTATTGGA,TATGGTAATT,GT,GTGYCAGCMGCCGCGGTAA,AATGATACGGCGACCACCGAGATCTACACGCTCACGCTATTGGATATGGTAATTGTGTGYCAGCMGCCGCGGTAA
5,H6,515rcbc473,AATGATACGGCGACCACCGAGATCTACACGCT,TGATTTAATTGC,TATGGTAATT,GT,GTGYCAGCMGCCGCGGTAA,AATGATACGGCGACCACCGAGATCTACACGCTTGATTTAATTGCTATGGTAATTGTGTGYCAGCMGCCGCGGTAA
5,H7,515rcbc474,AATGATACGGCGACCACCGAGATCTACACGCT,CTGAGGCCCTTC,TATGGTAATT,GT,GTGYCAGCMGCCGCGGTAA,AATGATACGGCGACCACCGAGATCTACACGCTCTGAGGCCCTTCTATGGTAATTGTGTGYCAGCMGCCGCGGTAA
5,H8,515rcbc475,AATGATACGGCGACCACCGAGATCTACACGCT,TATGGGTAGCTA,TATGGTAATT,GT,GTGYCAGCMGCCGCGGTAA,AATGATACGGCGACCACCGAGATCTACACGCTTATGGGTAGCTATATGGTAATTGTGTGYCAGCMGCCGCGGTAA
5,H9,515rcbc476,AATGATACGGCGACCACCGAGATCTACACGCT,CTTAGGCATGTG,TATGGTAATT,GT,GTGYCAGCMGCCGCGGTAA,AATGATACGGCGACCACCGAGATCTACACGCTCTTAGGCATGTGTATGGTAATTGTGTGYCAGCMGCCGCGGTAA
5,H10,515rcbc477,AATGATACGGCGACCACCGAGATCTACACGCT,TCCGGACTCCTG,TATGGTAATT,GT,GTGYCAGCMGCCGCGGTAA,AATGATACGGCGACCACCGAGATCTACACGCTTCCGGACTCCTGTATGGTAATTGTGTGYCAGCMGCCGCGGTAA
5,H11,515rcbc478,AATGATACGGCGACCACCGAGATCTACACGCT,AGTATCATATAT,TATGGTAATT,GT,GTGYCAGCMGCCGCGGTAA,AATGATACGGCGACCACCGAGATCTACACGCTAGTATCATATATTATGGTAATTGTGTGYCAGCMGCCGCGGTAA
5,H12,515rcbc479,AATGATACGGCGACCACCGAGATCTACACGCT,AACGCTTCTTAT,TATGGTAATT,GT,GTGYCAGCMGCCGCGGTAA,AATGATACGGCGACCACCGAGATCTACACGCTAACGCTTCTTATTATGGTAATTGTGTGYCAGCMGCCGCGGTAA
,,,,,,,,
10,A1,515rcbc864,AATGATACGGCGACCACCGAGATCTACACGCT,TGTGTTACTCCT,TATGGTAATT,GT,GTGYCAGCMGCCGCGGTAA,AATGATACGGCGACCACCGAGATCTACACGCTTGTGTTACTCCTTATGGTAATTGTGTGYCAGCMGCCGCGGTAA
10,A2,515rcbc865,AATGATACGGCGACCACCGAGATCTACACGCT,CCATATCCCGGA,TATGGTAATT,GT,GTGYCAGCMGCCGCGGTAA,AATGATACGGCGACCACCGAGATCTACACGCTCCATATCCCGGATATGGTAATTGTGTGYCAGCMGCCGCGGTAA
10,A3,515rcbc866,AATGATACGGCGACCACCGAGATCTACACGCT,TTGACGACATCG,TATGGTAATT,GT,GTGYCAGCMGCCGCGGTAA,AATGATACGGCGACCACCGAGATCTACACGCTTTGACGACATCGTATGGTAATTGTGTGYCAGCMGCCGCGGTAA
10,A4,515rcbc867,AATGATACGGCGACCACCGAGATCTACACGCT,TACCAATCGGTG,TATGGTAATT,GT,GTGYCAGCMGCCGCGGTAA,AATGATACGGCGACCACCGAGATCTACACGCTTACCAATCGGTGTATGGTAATTGTGTGYCAGCMGCCGCGGTAA
10,A5,515rcbc868,AATGATACGGCGACCACCGAGATCTACACGCT,ATCTGGACGATC,TATGGTAATT,GT,GTGYCAGCMGCCGCGGTAA,AATGATACGGCGACCACCGAGATCTACACGCTATCTGGACGATCTATGGTAATTGTGTGYCAGCMGCCGCGGTAA
10,A6,515rcbc869,AATGATACGGCGACCACCGAGATCTACACGCT,ACTCGTGATAGC,TATGGTAATT,GT,GTGYCAGCMGCCGCGGTAA,AATGATACGGCGACCACCGAGATCTACACGCTACTCGTGATAGCTATGGTAATTGTGTGYCAGCMGCCGCGGTAA
10,A7,515rcbc870,AATGATACGGCGACCACCGAGATCTACACGCT,ATGTGGCGTGTT,TATGGTAATT,GT,GTGYCAGCMGCCGCGGTAA,AATGATACGGCGACCACCGAGATCTACACGCTATGTGGCGTGTTTATGGTAATTGTGTGYCAGCMGCCGCGGTAA
10,A8,515rcbc871,AATGATACGGCGACCACCGAGATCTACACGCT,AGACATACCGTA,TATGGTAATT,GT,GTGYCAGCMGCCGCGGTAA,AATGATACGGCGACCACCGAGATCTACACGCTAGACATACCGTATATGGTAATTGTGTGYCAGCMGCCGCGGTAA
10,A9,515rcbc872,AATGATACGGCGACCACCGAGATCTACACGCT,ACCTCTATTCGT,TATGGTAATT,GT,GTGYCAGCMGCCGCGGTAA,AATGATACGGCGACCACCGAGATCTACACGCTACCTCTATTCGTTATGGTAATTGTGTGYCAGCMGCCGCGGTAA
10,A10,515rcbc873,AATGATACGGCGACCACCGAGATCTACACGCT,AGTGAAATACTG,TATGGTAATT,GT,GTGYCAGCMGCCGCGGTAA,AATGATACGGCGACCACCGAGATCTACACGCTAGTGAAATACTGTATGGTAATTGTGTGYCAGCMGCCGCGGTAA
10,A11,515rcbc874,AATGATACGGCGACCACCGAGATCTACACGCT,ACCTTCGCGCAC,TATGGTAATT,GT,GTGYCAGCMGCCGCGGTAA,AATGATACGGCGACCACCGAGATCTACACGCTACCTTCGCGCACTATGGTAATTGTGTGYCAGCMGCCGCGGTAA
10,A12,515rcbc875,AATGATACGGCGACCACCGAGATCTACACGCT,GATTTAGAGGCT,TATGGTAATT,GT,GTGYCAGCMGCCGCGGTAA,AATGATACGGCGACCACCGAGATCTACACGCTGATTTAGAGGCTTATGGTAATTGTGTGYCAGCMGCCGCGGTAA
10,B1,515rcbc876,AATGATACGGCGACCACCGAGATCTACACGCT,AAGGCTGGGCAC,TATGGTAATT,GT,GTGYCAGCMGCCGCGGTAA,AATGATACGGCGACCACCGAGATCTACACGCTAAGGCTGGGCACTATGGTAATTGTGTGYCAGCMGCCGCGGTAA
10,B2,515rcbc877,AATGATACGGCGACCACCGAGATCTACACGCT,CGATAGGCCTTA,TATGGTAATT,GT,GTGYCAGCMGCCGCGGTAA,AATGATACGGCGACCACCGAGATCTACACGCTCGATAGGCCTTATATGGTAATTGTGTGYCAGCMGCCGCGGTAA
10,B3,515rcbc878,AATGATACGGCGACCACCGAGATCTACACGCT,TAAGATGCAGTC,TATGGTAATT,GT,GTGYCAGCMGCCGCGGTAA,AATGATACGGCGACCACCGAGATCTACACGCTTAAGATGCAGTCTATGGTAATTGTGTGYCAGCMGCCGCGGTAA
10,B4,515rcbc879,AATGATACGGCGACCACCGAGATCTACACGCT,TCCGCAACCTGA,TATGGTAATT,GT,GTGYCAGCMGCCGCGGTAA,AATGATACGGCGACCACCGAGATCTACACGCTTCCGCAACCTGATATGGTAATTGTGTGYCAGCMGCCGCGGTAA
10,B5,515rcbc880,AATGATACGGCGACCACCGAGATCTACACGCT,AGCCGACTCTGT,TATGGTAATT,GT,GTGYCAGCMGCCGCGGTAA,AATGATACGGCGACCACCGAGATCTACACGCTAGCCGACTCTGTTATGGTAATTGTGTGYCAGCMGCCGCGGTAA
10,B6,515rcbc881,AATGATACGGCGACCACCGAGATCTACACGCT,GTGTTCCCAGAA,TATGGTAATT,GT,GTGYCAGCMGCCGCGGTAA,AATGATACGGCGACCACCGAGATCTACACGCTGTGTTCCCAGAATATGGTAATTGTGTGYCAGCMGCCGCGGTAA
10,B7,515rcbc882,AATGATACGGCGACCACCGAGATCTACACGCT,CTCGAGCGTACT,TATGGTAATT,GT,GTGYCAGCMGCCGCGGTAA,AATGATACGGCGACCACCGAGATCTACACGCTCTCGAGCGTACTTATGGTAATTGTGTGYCAGCMGCCGCGGTAA
10,B8,515rcbc883,AATGATACGGCGACCACCGAGATCTACACGCT,GCTGTGATTCGA,TATGGTAATT,GT,GTGYCAGCMGCCGCGGTAA,AATGATACGGCGACCACCGAGATCTACACGCTGCTGTGATTCGATATGGTAATTGTGTGYCAGCMGCCGCGGTAA
10,B9,515rcbc884,AATGATACGGCGACCACCGAGATCTACACGCT,CTGCCCTCGATG,TATGGTAATT,GT,GTGYCAGCMGCCGCGGTAA,AATGATACGGCGACCACCGAGATCTACACGCTCTGCCCTCGATGTATGGTAATTGTGTGYCAGCMGCCGCGGTAA
10,B10,515rcbc885,AATGATACGGCGACCACCGAGATCTACACGCT,TTGGGTACACGT,TATGGTAATT,GT,GTGYCAGCMGCCGCGGTAA,AATGATACGGCGACCACCGAGATCTACACGCTTTGGGTACACGTTATGGTAATTGTGTGYCAGCMGCCGCGGTAA
10,B11,515rcbc886,AATGATACGGCGACCACCGAGATCTACACGCT,GATATCGATGAA,TATGGTAATT,GT,GTGYCAGCMGCCGCGGTAA,AATGATACGGCGACCACCGAGATCTACACGCTGATATCGATGAATATGGTAATTGTGTGYCAGCMGCCGCGGTAA
10,B12,515rcbc887,AATGATACGGCGACCACCGAGATCTACACGCT,AACGCGAAATTC,TATGGTAATT,GT,GTGYCAGCMGCCGCGGTAA,AATGATACGGCGACCACCGAGATCTACACGCTAACGCGAAATTCTATGGTAATTGTGTGYCAGCMGCCGCGGTAA
10,C1,515rcbc888,AATGATACGGCGACCACCGAGATCTACACGCT,GTGAGCACGCAG,TATGGTAATT,GT,GTGYCAGCMGCCGCGGTAA,AATGATACGGCGACCACCGAGATCTACACGCTGTGAGCACGCAGTATGGTAATTGTGTGYCAGCMGCCGCGGTAA
10,C2,515rcbc889,AATGATACGGCGACCACCGAGATCTACACGCT,CGATCGAACACT,TATGGTAATT,GT,GTGYCAGCMGCCGCGGTAA,AATGATACGGCGACCACCGAGATCTACACGCTCGATCGAACACTTATGGTAATTGTGTGYCAGCMGCCGCGGTAA
10,C3,515rcbc890,AATGATACGGCGACCACCGAGATCTACACGCT,TTCGCTAACCTT,TATGGTAATT,GT,GTGYCAGCMGCCGCGGTAA,AATGATACGGCGACCACCGAGATCTACACGCTTTCGCTAACCTTTATGGTAATTGTGTGYCAGCMGCCGCGGTAA
10,C4,515rcbc891,AATGATACGGCGACCACCGAGATCTACACGCT,GCAGGGTCGAAC,TATGGTAATT,GT,GTGYCAGCMGCCGCGGTAA,AATGATACGGCGACCACCGAGATCTACACGCTGCAGGGTCGAACTATGGTAATTGTGTGYCAGCMGCCGCGGTAA
10,C5,515rcbc892,AATGATACGGCGACCACCGAGATCTACACGCT,TAGAGGCGTAGG,TATGGTAATT,GT,GTGYCAGCMGCCGCGGTAA,AATGATACGGCGACCACCGAGATCTACACGCTTAGAGGCGTAGGTATGGTAATTGTGTGYCAGCMGCCGCGGTAA
10,C6,515rcbc893,AATGATACGGCGACCACCGAGATCTACACGCT,CAGGTAATAATG,TATGGTAATT,GT,GTGYCAGCMGCCGCGGTAA,AATGATACGGCGACCACCGAGATCTACACGCTCAGGTAATAATGTATGGTAATTGTGTGYCAGCMGCCGCGGTAA
10,C7,515rcbc894,AATGATACGGCGACCACCGAGATCTACACGCT,GCCGAACGCCGA,TATGGTAATT,GT,GTGYCAGCMGCCGCGGTAA,AATGATACGGCGACCACCGAGATCTACACGCTGCCGAACGCCGATATGGTAATTGTGTGYCAGCMGCCGCGGTAA
10,C8,515rcbc895,AATGATACGGCGACCACCGAGATCTACACGCT,GTCTAGTATTTC,TATGGTAATT,GT,GTGYCAGCMGCCGCGGTAA,AATGATACGGCGACCACCGAGATCTACACGCTGTCTAGTATTTCTATGGTAATTGTGTGYCAGCMGCCGCGGTAA
10,C9,515rcbc896,AATGATACGGCGACCACCGAGATCTACACGCT,AAGCATTGAGAT,TATGGTAATT,GT,GTGYCAGCMGCCGCGGTAA,AATGATACGGCGACCACCGAGATCTACACGCTAAGCATTGAGATTATGGTAATTGTGTGYCAGCMGCCGCGGTAA
10,C10,515rcbc897,AATGATACGGCGACCACCGAGATCTACACGCT,CCGCTGATGTCA,TATGGTAATT,GT,GTGYCAGCMGCCGCGGTAA,AATGATACGGCGACCACCGAGATCTACACGCTCCGCTGATGTCATATGGTAATTGTGTGYCAGCMGCCGCGGTAA
10,C11,515rcbc898,AATGATACGGCGACCACCGAGATCTACACGCT,ACCCTCAGCCCA,TATGGTAATT,GT,GTGYCAGCMGCCGCGGTAA,AATGATACGGCGACCACCGAGATCTACACGCTACCCTCAGCCCATATGGTAATTGTGTGYCAGCMGCCGCGGTAA
10,C12,515rcbc899,AATGATACGGCGACCACCGAGATCTACACGCT,GGTGACTAGTTC,TATGGTAATT,GT,GTGYCAGCMGCCGCGGTAA,AATGATACGGCGACCACCGAGATCTACACGCTGGTGACTAGTTCTATGGTAATTGTGTGYCAGCMGCCGCGGTAA
10,D1,515rcbc900,AATGATACGGCGACCACCGAGATCTACACGCT,CCGTCAAGATGT,TATGGTAATT,GT,GTGYCAGCMGCCGCGGTAA,AATGATACGGCGACCACCGAGATCTACACGCTCCGTCAAGATGTTATGGTAATTGTGTGYCAGCMGCCGCGGTAA
10,D2,515rcbc901,AATGATACGGCGACCACCGAGATCTACACGCT,AGCTGCACCTAA,TATGGTAATT,GT,GTGYCAGCMGCCGCGGTAA,AATGATACGGCGACCACCGAGATCTACACGCTAGCTGCACCTAATATGGTAATTGTGTGYCAGCMGCCGCGGTAA
10,D3,515rcbc902,AATGATACGGCGACCACCGAGATCTACACGCT,GGAGTGCCCGAA,TATGGTAATT,GT,GTGYCAGCMGCCGCGGTAA,AATGATACGGCGACCACCGAGATCTACACGCTGGAGTGCCCGAATATGGTAATTGTGTGYCAGCMGCCGCGGTAA
10,D4,515rcbc903,AATGATACGGCGACCACCGAGATCTACACGCT,CATGACGCCTCC,TATGGTAATT,GT,GTGYCAGCMGCCGCGGTAA,AATGATACGGCGACCACCGAGATCTACACGCTCATGACGCCTCCTATGGTAATTGTGTGYCAGCMGCCGCGGTAA
10,D5,515rcbc904,AATGATACGGCGACCACCGAGATCTACACGCT,GTATTATGACTT,TATGGTAATT,GT,GTGYCAGCMGCCGCGGTAA,AATGATACGGCGACCACCGAGATCTACACGCTGTATTATGACTTTATGGTAATTGTGTGYCAGCMGCCGCGGTAA
10,D6,515rcbc905,AATGATACGGCGACCACCGAGATCTACACGCT,CATAATCTTGCT,TATGGTAATT,GT,GTGYCAGCMGCCGCGGTAA,AATGATACGGCGACCACCGAGATCTACACGCTCATAATCTTGCTTATGGTAATTGTGTGYCAGCMGCCGCGGTAA
10,D7,515rcbc906,AATGATACGGCGACCACCGAGATCTACACGCT,TGCGTGGGTGGA,TATGGTAATT,GT,GTGYCAGCMGCCGCGGTAA,AATGATACGGCGACCACCGAGATCTACACGCTTGCGTGGGTGGATATGGTAATTGTGTGYCAGCMGCCGCGGTAA
10,D8,515rcbc907,AATGATACGGCGACCACCGAGATCTACACGCT,ACTATATTAGCT,TATGGTAATT,GT,GTGYCAGCMGCCGCGGTAA,AATGATACGGCGACCACCGAGATCTACACGCTACTATATTAGCTTATGGTAATTGTGTGYCAGCMGCCGCGGTAA
10,D9,515rcbc908,AATGATACGGCGACCACCGAGATCTACACGCT,TTCTGGTCTTGT,TATGGTAATT,GT,GTGYCAGCMGCCGCGGTAA,AATGATACGGCGACCACCGAGATCTACACGCTTTCTGGTCTTGTTATGGTAATTGTGTGYCAGCMGCCGCGGTAA
10,D10,515rcbc909,AATGATACGGCGACCACCGAGATCTACACGCT,TCCAGGGCTATA,TATGGTAATT,GT,GTGYCAGCMGCCGCGGTAA,AATGATACGGCGACCACCGAGATCTACACGCTTCCAGGGCTATATATGGTAATTGTGTGYCAGCMGCCGCGGTAA
10,D11,515rcbc910,AATGATACGGCGACCACCGAGATCTACACGCT,GACTATAATGGC,TATGGTAATT,GT,GTGYCAGCMGCCGCGGTAA,AATGATACGGCGACCACCGAGATCTACACGCTGACTATAATGGCTATGGTAATTGTGTGYCAGCMGCCGCGGTAA
10,D12,515rcbc911,AATGATACGGCGACCACCGAGATCTACACGCT,ATCACCAGGTGT,TATGGTAATT,GT,GTGYCAGCMGCCGCGGTAA,AATGATACGGCGACCACCGAGATCTACACGCTATCACCAGGTGTTATGGTAATTGTGTGYCAGCMGCCGCGGTAA
10,E1,515rcbc912,AATGATACGGCGACCACCGAGATCTACACGCT,AATTGAATTTAC,TATGGTAATT,GT,GTGYCAGCMGCCGCGGTAA,AATGATACGGCGACCACCGAGATCTACACGCTAATTGAATTTACTATGGTAATTGTGTGYCAGCMGCCGCGGTAA
10,E2,515rcbc913,AATGATACGGCGACCACCGAGATCTACACGCT,AGGAAAGCCAGA,TATGGTAATT,GT,GTGYCAGCMGCCGCGGTAA,AATGATACGGCGACCACCGAGATCTACACGCTAGGAAAGCCAGATATGGTAATTGTGTGYCAGCMGCCGCGGTAA
10,E3,515rcbc914,AATGATACGGCGACCACCGAGATCTACACGCT,ATGGCTGTCAGT,TATGGTAATT,GT,GTGYCAGCMGCCGCGGTAA,AATGATACGGCGACCACCGAGATCTACACGCTATGGCTGTCAGTTATGGTAATTGTGTGYCAGCMGCCGCGGTAA
10,E4,515rcbc915,AATGATACGGCGACCACCGAGATCTACACGCT,GAGGGTTGTCGG,TATGGTAATT,GT,GTGYCAGCMGCCGCGGTAA,AATGATACGGCGACCACCGAGATCTACACGCTGAGGGTTGTCGGTATGGTAATTGTGTGYCAGCMGCCGCGGTAA
10,E5,515rcbc916,AATGATACGGCGACCACCGAGATCTACACGCT,CCACGTACGTAA,TATGGTAATT,GT,GTGYCAGCMGCCGCGGTAA,AATGATACGGCGACCACCGAGATCTACACGCTCCACGTACGTAATATGGTAATTGTGTGYCAGCMGCCGCGGTAA
10,E6,515rcbc917,AATGATACGGCGACCACCGAGATCTACACGCT,AGTAAGTCGATA,TATGGTAATT,GT,GTGYCAGCMGCCGCGGTAA,AATGATACGGCGACCACCGAGATCTACACGCTAGTAAGTCGATATATGGTAATTGTGTGYCAGCMGCCGCGGTAA
10,E7,515rcbc918,AATGATACGGCGACCACCGAGATCTACACGCT,TTGGGCCACATA,TATGGTAATT,GT,GTGYCAGCMGCCGCGGTAA,AATGATACGGCGACCACCGAGATCTACACGCTTTGGGCCACATATATGGTAATTGTGTGYCAGCMGCCGCGGTAA
10,E8,515rcbc919,AATGATACGGCGACCACCGAGATCTACACGCT,TCTATCTGGCTT,TATGGTAATT,GT,GTGYCAGCMGCCGCGGTAA,AATGATACGGCGACCACCGAGATCTACACGCTTCTATCTGGCTTTATGGTAATTGTGTGYCAGCMGCCGCGGTAA
10,E9,515rcbc920,AATGATACGGCGACCACCGAGATCTACACGCT,ATACCTAAATAT,TATGGTAATT,GT,GTGYCAGCMGCCGCGGTAA,AATGATACGGCGACCACCGAGATCTACACGCTATACCTAAATATTATGGTAATTGTGTGYCAGCMGCCGCGGTAA
10,E10,515rcbc921,AATGATACGGCGACCACCGAGATCTACACGCT,GCCTGCAGTACT,TATGGTAATT,GT,GTGYCAGCMGCCGCGGTAA,AATGATACGGCGACCACCGAGATCTACACGCTGCCTGCAGTACTTATGGTAATTGTGTGYCAGCMGCCGCGGTAA
10,E11,515rcbc922,AATGATACGGCGACCACCGAGATCTACACGCT,ATGGTTCACCCG,TATGGTAATT,GT,GTGYCAGCMGCCGCGGTAA,AATGATACGGCGACCACCGAGATCTACACGCTATGGTTCACCCGTATGGTAATTGTGTGYCAGCMGCCGCGGTAA
10,E12,515rcbc923,AATGATACGGCGACCACCGAGATCTACACGCT,CCGTGGACCAGG,TATGGTAATT,GT,GTGYCAGCMGCCGCGGTAA,AATGATACGGCGACCACCGAGATCTACACGCTCCGTGGACCAGGTATGGTAATTGTGTGYCAGCMGCCGCGGTAA
10,F1,515rcbc924,AATGATACGGCGACCACCGAGATCTACACGCT,GTCCCTATTATC,TATGGTAATT,GT,GTGYCAGCMGCCGCGGTAA,AATGATACGGCGACCACCGAGATCTACACGCTGTCCCTATTATCTATGGTAATTGTGTGYCAGCMGCCGCGGTAA
10,F2,515rcbc925,AATGATACGGCGACCACCGAGATCTACACGCT,GCGACGCGGCAT,TATGGTAATT,GT,GTGYCAGCMGCCGCGGTAA,AATGATACGGCGACCACCGAGATCTACACGCTGCGACGCGGCATTATGGTAATTGTGTGYCAGCMGCCGCGGTAA
10,F3,515rcbc926,AATGATACGGCGACCACCGAGATCTACACGCT,TGCGGTTGACTC,TATGGTAATT,GT,GTGYCAGCMGCCGCGGTAA,AATGATACGGCGACCACCGAGATCTACACGCTTGCGGTTGACTCTATGGTAATTGTGTGYCAGCMGCCGCGGTAA
10,F4,515rcbc927,AATGATACGGCGACCACCGAGATCTACACGCT,CCAGGTTAATGC,TATGGTAATT,GT,GTGYCAGCMGCCGCGGTAA,AATGATACGGCGACCACCGAGATCTACACGCTCCAGGTTAATGCTATGGTAATTGTGTGYCAGCMGCCGCGGTAA
10,F5,515rcbc928,AATGATACGGCGACCACCGAGATCTACACGCT,CGACGAGATTAT,TATGGTAATT,GT,GTGYCAGCMGCCGCGGTAA,AATGATACGGCGACCACCGAGATCTACACGCTCGACGAGATTATTATGGTAATTGTGTGYCAGCMGCCGCGGTAA
10,F6,515rcbc929,AATGATACGGCGACCACCGAGATCTACACGCT,GCTACAAGCCCT,TATGGTAATT,GT,GTGYCAGCMGCCGCGGTAA,AATGATACGGCGACCACCGAGATCTACACGCTGCTACAAGCCCTTATGGTAATTGTGTGYCAGCMGCCGCGGTAA
10,F7,515rcbc930,AATGATACGGCGACCACCGAGATCTACACGCT,GCACATAGTCGT,TATGGTAATT,GT,GTGYCAGCMGCCGCGGTAA,AATGATACGGCGACCACCGAGATCTACACGCTGCACATAGTCGTTATGGTAATTGTGTGYCAGCMGCCGCGGTAA
10,F8,515rcbc931,AATGATACGGCGACCACCGAGATCTACACGCT,AGCCACCCGGGA,TATGGTAATT,GT,GTGYCAGCMGCCGCGGTAA,AATGATACGGCGACCACCGAGATCTACACGCTAGCCACCCGGGATATGGTAATTGTGTGYCAGCMGCCGCGGTAA
10,F9,515rcbc932,AATGATACGGCGACCACCGAGATCTACACGCT,ATGTCTTCAACT,TATGGTAATT,GT,GTGYCAGCMGCCGCGGTAA,AATGATACGGCGACCACCGAGATCTACACGCTATGTCTTCAACTTATGGTAATTGTGTGYCAGCMGCCGCGGTAA
10,F10,515rcbc933,AATGATACGGCGACCACCGAGATCTACACGCT,ACGCACATACAA,TATGGTAATT,GT,GTGYCAGCMGCCGCGGTAA,AATGATACGGCGACCACCGAGATCTACACGCTACGCACATACAATATGGTAATTGTGTGYCAGCMGCCGCGGTAA
10,F11,515rcbc934,AATGATACGGCGACCACCGAGATCTACACGCT,ATGTCCGACCAA,TATGGTAATT,GT,GTGYCAGCMGCCGCGGTAA,AATGATACGGCGACCACCGAGATCTACACGCTATGTCCGACCAATATGGTAATTGTGTGYCAGCMGCCGCGGTAA
10,F12,515rcbc935,AATGATACGGCGACCACCGAGATCTACACGCT,ATTTCGACCCGG,TATGGTAATT,GT,GTGYCAGCMGCCGCGGTAA,AATGATACGGCGACCACCGAGATCTACACGCTATTTCGACCCGGTATGGTAATTGTGTGYCAGCMGCCGCGGTAA
10,G1,515rcbc936,AATGATACGGCGACCACCGAGATCTACACGCT,GGAGTTGAGGTG,TATGGTAATT,GT,GTGYCAGCMGCCGCGGTAA,AATGATACGGCGACCACCGAGATCTACACGCTGGAGTTGAGGTGTATGGTAATTGTGTGYCAGCMGCCGCGGTAA
10,G2,515rcbc937,AATGATACGGCGACCACCGAGATCTACACGCT,GCGCAATAGTAT,TATGGTAATT,GT,GTGYCAGCMGCCGCGGTAA,AATGATACGGCGACCACCGAGATCTACACGCTGCGCAATAGTATTATGGTAATTGTGTGYCAGCMGCCGCGGTAA
10,G3,515rcbc938,AATGATACGGCGACCACCGAGATCTACACGCT,CACATATTGGGC,TATGGTAATT,GT,GTGYCAGCMGCCGCGGTAA,AATGATACGGCGACCACCGAGATCTACACGCTCACATATTGGGCTATGGTAATTGTGTGYCAGCMGCCGCGGTAA
10,G4,515rcbc939,AATGATACGGCGACCACCGAGATCTACACGCT,CATGTTGGAACA,TATGGTAATT,GT,GTGYCAGCMGCCGCGGTAA,AATGATACGGCGACCACCGAGATCTACACGCTCATGTTGGAACATATGGTAATTGTGTGYCAGCMGCCGCGGTAA
10,G5,515rcbc940,AATGATACGGCGACCACCGAGATCTACACGCT,ACCCGACGGGAC,TATGGTAATT,GT,GTGYCAGCMGCCGCGGTAA,AATGATACGGCGACCACCGAGATCTACACGCTACCCGACGGGACTATGGTAATTGTGTGYCAGCMGCCGCGGTAA
10,G6,515rcbc941,AATGATACGGCGACCACCGAGATCTACACGCT,AGGTCATCTTGG,TATGGTAATT,GT,GTGYCAGCMGCCGCGGTAA,AATGATACGGCGACCACCGAGATCTACACGCTAGGTCATCTTGGTATGGTAATTGTGTGYCAGCMGCCGCGGTAA
10,G7,515rcbc942,AATGATACGGCGACCACCGAGATCTACACGCT,CTCTCGGCGTAA,TATGGTAATT,GT,GTGYCAGCMGCCGCGGTAA,AATGATACGGCGACCACCGAGATCTACACGCTCTCTCGGCGTAATATGGTAATTGTGTGYCAGCMGCCGCGGTAA
10,G8,515rcbc943,AATGATACGGCGACCACCGAGATCTACACGCT,CGAGATAGTTTG,TATGGTAATT,GT,GTGYCAGCMGCCGCGGTAA,AATGATACGGCGACCACCGAGATCTACACGCTCGAGATAGTTTGTATGGTAATTGTGTGYCAGCMGCCGCGGTAA
10,G9,515rcbc944,AATGATACGGCGACCACCGAGATCTACACGCT,CTGCAAGCCTGT,TATGGTAATT,GT,GTGYCAGCMGCCGCGGTAA,AATGATACGGCGACCACCGAGATCTACACGCTCTGCAAGCCTGTTATGGTAATTGTGTGYCAGCMGCCGCGGTAA
10,G10,515rcbc945,AATGATACGGCGACCACCGAGATCTACACGCT,GTTCAACAGCTG,TATGGTAATT,GT,GTGYCAGCMGCCGCGGTAA,AATGATACGGCGACCACCGAGATCTACACGCTGTTCAACAGCTGTATGGTAATTGTGTGYCAGCMGCCGCGGTAA
10,G11,515rcbc946,AATGATACGGCGACCACCGAGATCTACACGCT,CGTTTCAAGGAC,TATGGTAATT,GT,GTGYCAGCMGCCGCGGTAA,AATGATACGGCGACCACCGAGATCTACACGCTCGTTTCAAGGACTATGGTAATTGTGTGYCAGCMGCCGCGGTAA
10,G12,515rcbc947,AATGATACGGCGACCACCGAGATCTACACGCT,GCGAGCGAAGTA,TATGGTAATT,GT,GTGYCAGCMGCCGCGGTAA,AATGATACGGCGACCACCGAGATCTACACGCTGCGAGCGAAGTATATGGTAATTGTGTGYCAGCMGCCGCGGTAA
10,H1,515rcbc948,AATGATACGGCGACCACCGAGATCTACACGCT,ATCTCTGGCGCC,TATGGTAATT,GT,GTGYCAGCMGCCGCGGTAA,AATGATACGGCGACCACCGAGATCTACACGCTATCTCTGGCGCCTATGGTAATTGTGTGYCAGCMGCCGCGGTAA
10,H2,515rcbc949,AATGATACGGCGACCACCGAGATCTACACGCT,AGACGACGTGGA,TATGGTAATT,GT,GTGYCAGCMGCCGCGGTAA,AATGATACGGCGACCACCGAGATCTACACGCTAGACGACGTGGATATGGTAATTGTGTGYCAGCMGCCGCGGTAA
10,H3,515rcbc950,AATGATACGGCGACCACCGAGATCTACACGCT,ACTTCATCGTAT,TATGGTAATT,GT,GTGYCAGCMGCCGCGGTAA,AATGATACGGCGACCACCGAGATCTACACGCTACTTCATCGTATTATGGTAATTGTGTGYCAGCMGCCGCGGTAA
10,H4,515rcbc951,AATGATACGGCGACCACCGAGATCTACACGCT,TGTGATCTTTAC,TATGGTAATT,GT,GTGYCAGCMGCCGCGGTAA,AATGATACGGCGACCACCGAGATCTACACGCTTGTGATCTTTACTATGGTAATTGTGTGYCAGCMGCCGCGGTAA
10,H5,515rcbc952,AATGATACGGCGACCACCGAGATCTACACGCT,TCCTCCGGTTGG,TATGGTAATT,GT,GTGYCAGCMGCCGCGGTAA,AATGATACGGCGACCACCGAGATCTACACGCTTCCTCCGGTTGGTATGGTAATTGTGTGYCAGCMGCCGCGGTAA
10,H6,515rcbc953,AATGATACGGCGACCACCGAGATCTACACGCT,AACTTCACTTCC,TATGGTAATT,GT,GTGYCAGCMGCCGCGGTAA,AATGATACGGCGACCACCGAGATCTACACGCTAACTTCACTTCCTATGGTAATTGTGTGYCAGCMGCCGCGGTAA
10,H7,515rcbc954,AATGATACGGCGACCACCGAGATCTACACGCT,CGACCGGTGAAG,TATGGTAATT,GT,GTGYCAGCMGCCGCGGTAA,AATGATACGGCGACCACCGAGATCTACACGCTCGACCGGTGAAGTATGGTAATTGTGTGYCAGCMGCCGCGGTAA
10,H8,515rcbc955,AATGATACGGCGACCACCGAGATCTACACGCT,CCTCTCGGGTTG,TATGGTAATT,GT,GTGYCAGCMGCCGCGGTAA,AATGATACGGCGACCACCGAGATCTACACGCTCCTCTCGGGTTGTATGGTAATTGTGTGYCAGCMGCCGCGGTAA
10,H9,515rcbc956,AATGATACGGCGACCACCGAGATCTACACGCT,GATGGCGGACTG,TATGGTAATT,GT,GTGYCAGCMGCCGCGGTAA,AATGATACGGCGACCACCGAGATCTACACGCTGATGGCGGACTGTATGGTAATTGTGTGYCAGCMGCCGCGGTAA
10,H10,515rcbc957,AATGATACGGCGACCACCGAGATCTACACGCT,ATCTTGGAGTCG,TATGGTAATT,GT,GTGYCAGCMGCCGCGGTAA,AATGATACGGCGACCACCGAGATCTACACGCTATCTTGGAGTCGTATGGTAATTGTGTGYCAGCMGCCGCGGTAA
10,H11,515rcbc958,AATGATACGGCGACCACCGAGATCTACACGCT,TGCCCTCCGTAG,TATGGTAATT,GT,GTGYCAGCMGCCGCGGTAA,AATGATACGGCGACCACCGAGATCTACACGCTTGCCCTCCGTAGTATGGTAATTGTGTGYCAGCMGCCGCGGTAA
10,H12,515rcbc959,AATGATACGGCGACCACCGAGATCTACACGCT,GTTGTGGGCGCG,TATGGTAATT,GT,GTGYCAGCMGCCGCGGTAA,AATGATACGGCGACCACCGAGATCTACACGCTGTTGTGGGCGCGTATGGTAATTGTGTGYCAGCMGCCGCGGTAA